"","car_park_no","lat","lon"
"1","ACB",1.30106327208749,103.854118049931
"2","ACM",1.32100429010596,103.885060947615
"3","AH1",1.3282834951094,103.844619889146
"4","AK19",1.36909121614356,103.834984850341
"5","AK31",1.36612042431733,103.846635631616
"6","AK52",1.37243863344224,103.850295697425
"7","AK6",1.37483592945335,103.844853841562
"8","AK83",1.37667820868216,103.863845113107
"9","AK9",1.38359905765514,103.848368086654
"10","AM16",1.37034980121361,103.835718285157
"11","AM18",1.36554001278626,103.844619390219
"12","AM19",1.36888619793395,103.834531023822
"13","AM20",1.36469773293712,103.846088586118
"14","AM22",1.36458829147512,103.847653026353
"15","AM32",1.37053252446107,103.834376815543
"16","AM43",1.36861071867199,103.857303546668
"17","AM46",1.3721783233234,103.853396384416
"18","AM51",1.36991500171885,103.846698516497
"19","AM64",1.37145702029469,103.853098246057
"20","AM79",1.37232822920642,103.851327945649
"21","AM80",1.37064699017156,103.841861490483
"22","AM81",1.37163924205586,103.841947812524
"23","AM96",1.36407414927882,103.850940371229
"24","AR1L",1.30387671852445,103.782631779204
"25","AR1M",1.30284868402082,103.783666774324
"26","AR2L",1.30591323446221,103.781154655174
"27","AR2M",1.30473889283041,103.781674489325
"28","AR5M",1.30734352659319,103.784463330084
"29","AR7L",1.30580772056187,103.785591136571
"30","AR7M",1.30477137726805,103.785192003839
"31","AR9",1.30728436270956,103.783439640596
"32","AV1",1.28558255499231,103.803215264159
"33","AV1K",1.28563749200534,103.804741042579
"34","AV2",1.28491128562143,103.805837442388
"35","A1",1.36671439877569,103.841712811912
"36","A10",1.36863298161408,103.844524015177
"37","A100",1.37798747319494,103.842602544842
"38","A11",1.36703553385711,103.838181096851
"39","A12",1.36850982748189,103.838675313237
"40","A13",1.36800022165129,103.836809611886
"41","A15",1.36696761050684,103.84041745597
"42","A2",1.36623705577412,103.8430463972
"43","A20",1.36494338064154,103.848457091822
"44","A21",1.36812755861891,103.846313224171
"45","A23",1.36733546645361,103.848913340117
"46","A24",1.3647534118811,103.849397652774
"47","A25",1.36276930742851,103.851627489277
"48","A26",1.372770202219,103.835447564147
"49","A27",1.37036305154677,103.838320651541
"50","A28",1.37164992828137,103.837464288149
"51","A29",1.36722625942018,103.848715596645
"52","A30",1.37098974668814,103.842418972199
"53","A30A",1.37021813453773,103.842758605575
"54","A31",1.37045111927825,103.843699944533
"55","A31A",1.37185934032305,103.843658166136
"56","A33",1.37002101134143,103.83469194577
"57","A34",1.36835647321903,103.851667374102
"58","A35",1.36864639260533,103.854081474114
"59","A36",1.36640712809735,103.85527878733
"60","A37",1.36811306848691,103.855556550702
"61","A38",1.36396370580403,103.854588382711
"62","A39",1.36115102165868,103.854072154634
"63","A4",1.36569162058714,103.841192165018
"64","A40",1.36235615053786,103.856982085985
"65","A41",1.3649369353058,103.85693260005
"66","A42",1.36658018162896,103.857363892393
"67","A43",1.36599673554933,103.859267271977
"68","A44",1.36720574327323,103.858990508529
"69","A45",1.37091769306746,103.85523049601
"70","A47",1.37055816705133,103.859246608911
"71","A48",1.37037128145781,103.85465226093
"72","A49",1.37132960595493,103.857797087664
"73","A50",1.37252246424224,103.857609567953
"74","A51",1.36947073929344,103.834375345023
"75","A52",1.37038543265125,103.846922547118
"76","A52L",1.36928063398219,103.84613433584
"77","A53",1.37086502270011,103.846877308583
"78","A54",1.37243435950977,103.845915354586
"79","A55",1.37363853629212,103.846666862503
"80","A56",1.37269867573371,103.847146218183
"81","A57",1.37201961047575,103.846964164671
"82","A58",1.37234700755733,103.847724114309
"83","A59",1.37389622141273,103.858139784101
"84","A60",1.37446449543798,103.855913418751
"85","A61",1.37417044612362,103.852160015472
"86","A63",1.37521713052952,103.849399082007
"87","A64",1.37053486870123,103.853461797452
"88","A65",1.37102915896011,103.859417207625
"89","A66",1.38054493090841,103.835660622978
"90","A67",1.37968632444613,103.837804889389
"91","A68",1.38189761856602,103.839854214827
"92","A69",1.38164145794217,103.841945435749
"93","A7",1.36839248702169,103.841301754389
"94","A70",1.38062064114195,103.840107206764
"95","A71",1.38000909369531,103.840741896718
"96","A72",1.38076096265734,103.843530338174
"97","A73",1.37884818913778,103.840824696696
"98","A74",1.37865168028373,103.843804663727
"99","A75",1.37620217806234,103.838684557747
"100","A76",1.3779771118917,103.838834804976
"101","A77",1.37635314935273,103.839978570299
"102","A78",1.37469471114539,103.838386790934
"103","A8",1.36875607099323,103.843307711467
"104","A81",1.37435555252556,103.836478794681
"105","A82",1.37567492239482,103.836398652723
"106","A83",1.37430755963649,103.860696540911
"107","A85",1.36510737794777,103.84970936856
"108","A86",1.36188489083075,103.85652048735
"109","A87",1.36682635874641,103.857884237373
"110","A88",1.36628071567192,103.84726652679
"111","A89",1.37045918304517,103.839367845908
"112","A9",1.36807436997813,103.844392197806
"113","A90",1.38200068921511,103.841247224571
"114","A94",1.37185982688331,103.838315961401
"115","A95",1.36751862800778,103.847803809281
"116","A98",1.36916431059637,103.831854209648
"117","A99",1.37698525725514,103.837213891969
"118","BA1",1.33365267993549,103.870798394275
"119","BBB",1.29658002772561,103.853663206401
"120","BBM1",1.34643665368638,103.745382274251
"121","BBM2",1.35086707070928,103.749882248379
"122","BBM3",1.34450628322565,103.75991777084
"123","BBM4",1.34555069828431,103.760178963792
"124","BBM5",1.34324288507703,103.757933611524
"125","BBM6",1.34285965211476,103.75505234518
"126","BBM7",1.34735532825893,103.74369552196
"127","BBM8",1.3499692848448,103.748510520704
"128","BBM9",1.36583063528229,103.751771828672
"129","BE10",1.34774103683307,103.853295407985
"130","BE11",1.34977945545382,103.853041355038
"131","BE12",1.35001358431936,103.850963018476
"132","BE13",1.34488554091771,103.851527639209
"133","BE14",1.34705912300086,103.855431690197
"134","BE15",1.34516275849122,103.854838248039
"135","BE16",1.36429947706046,103.835060941426
"136","BE17",1.36300774829777,103.847678464451
"137","BE18",1.35835109065196,103.831086168669
"138","BE19",1.3488553698228,103.8482017597
"139","BE20",1.34889150352476,103.848664813483
"140","BE21",1.34862467472465,103.849040518762
"141","BE22",1.34943659364674,103.849654953116
"142","BE23",1.35009590712064,103.849762913569
"143","BE24",1.35533230982928,103.847482841106
"144","BE25",1.35515436752457,103.848308924927
"145","BE26",1.35589523545262,103.848456699419
"146","BE27",1.35665621354662,103.848631146247
"147","BE28",1.35792578374441,103.848050392203
"148","BE29",1.35745270034741,103.845900851146
"149","BE3",1.36236382033242,103.834406565389
"150","BE3R",1.36316580994124,103.835441888473
"151","BE3T",1.36111902118749,103.831576853849
"152","BE30",1.35746397214867,103.846445329934
"153","BE31",1.35886686380925,103.846095243495
"154","BE32",1.35917101558305,103.846672475151
"155","BE33",1.36017070046769,103.844820061908
"156","BE34",1.3609610362378,103.84362160813
"157","BE35",1.36142068256305,103.843084460069
"158","BE36",1.35749516972048,103.844535382735
"159","BE37",1.35800794122712,103.844420837704
"160","BE38",1.35889863001258,103.844566487678
"161","BE39",1.35919640181431,103.841971337628
"162","BE4",1.34649553739341,103.848377782615
"163","BE40",1.35731117764231,103.842640151363
"164","BE42",1.3555617806229,103.844548146946
"165","BE44",1.35783082203095,103.83163014388
"166","BE45",1.35630834366272,103.843673799586
"167","BE5",1.34617737632749,103.850961063469
"168","BE6",1.34474821410259,103.851883342573
"169","BE7",1.34500469914902,103.853022890772
"170","BE8",1.3444363922391,103.855314807845
"171","BE9",1.34717026150898,103.856182773949
"172","BH1",1.32499136463287,103.842459925825
"173","BH2",1.32604597290732,103.842761303002
"174","BJMP",1.37776642353482,103.773515233385
"175","BJ1",1.37395668012412,103.769323020166
"176","BJ10",1.37893928663085,103.770655166769
"177","BJ11",1.38076368711014,103.771879943564
"178","BJ12",1.38025326281058,103.774488589084
"179","BJ13",1.37700362248509,103.774778801776
"180","BJ14",1.37898693779582,103.773529063422
"181","BJ15",1.3774944817505,103.773781887133
"182","BJ16",1.37750651657188,103.773620310876
"183","BJ17",1.38125023256274,103.768945728134
"184","BJ18",1.38096996999807,103.768111526577
"185","BJ19",1.38403375882411,103.768383898129
"186","BJ2",1.37613503075381,103.766661340276
"187","BJ20",1.38605794718116,103.769781679334
"188","BJ21",1.3859447799989,103.77067200119
"189","BJ22",1.37829370797878,103.773503103872
"190","BJ23",1.37763455117533,103.772951089319
"191","BJ24",1.38326748382288,103.770468267524
"192","BJ25",1.38489913010468,103.771725184279
"193","BJ26",1.38380907430643,103.772699379228
"194","BJ27",1.38264053838856,103.77095043939
"195","BJ28",1.37892483419269,103.765546004073
"196","BJ29",1.38493809213445,103.76768309161
"197","BJ3",1.37731019413801,103.769377342964
"198","BJ30",1.38702928241063,103.768979329077
"199","BJ31",1.38789815086641,103.767518424098
"200","BJ32",1.38655741574932,103.766847641789
"201","BJ33",1.37911950216512,103.772011127144
"202","BJ34",1.38779605990158,103.766490138214
"203","BJ35",1.38702433257437,103.765872161405
"204","BJ36",1.38626289163156,103.765295875923
"205","BJ37",1.38537581014166,103.76466066314
"206","BJ38",1.38513669086984,103.763426646495
"207","BJ39",1.38423179772351,103.7628600693
"208","BJ4",1.3755313767854,103.772257935275
"209","BJ40",1.38282578775268,103.762901649193
"210","BJ41",1.37551205005209,103.765454483908
"211","BJ42",1.37692127795757,103.764286444662
"212","BJ43",1.38172044598217,103.761677612649
"213","BJ44",1.38064894111593,103.764986793479
"214","BJ45",1.37868796139644,103.765008780912
"215","BJ48",1.38718578982729,103.764603025736
"216","BJ49",1.38489746000688,103.761486753403
"217","BJ5",1.37499155318136,103.773077223617
"218","BJ50",1.38818399769861,103.773688922649
"219","BJ51",1.37939840870791,103.763464273128
"220","BJ52",1.37911336132343,103.762637905945
"221","BJ53",1.38980280764188,103.771932069885
"222","BJ54",1.38904780940247,103.773500105459
"223","BJ55",1.38628294474144,103.760776951789
"224","BJ56",1.38589121604701,103.758949835054
"225","BJ57",1.38525120284571,103.760170448377
"226","BJ58",1.38752442976843,103.771272617577
"227","BJ59",1.38986508354378,103.771264158423
"228","BJ6",1.374171406401,103.77440629701
"229","BJ60",1.38829141013945,103.769499855737
"230","BJ61",1.38899731854416,103.767831283588
"231","BJ62",1.38426862537457,103.771396322017
"232","BJ63",1.38131551055787,103.770291143406
"233","BJ65",1.38470415715602,103.758761377061
"234","BJ66",1.38624857618507,103.757702613356
"235","BJ67",1.38734995596946,103.757982903601
"236","BJ68",1.38538172522755,103.76997021493
"237","BJ8",1.37469973082597,103.773595837088
"238","BKE1",1.30781893058318,103.851596339235
"239","BKE2",1.31412809694969,103.855479963784
"240","BKE3",1.31441522983594,103.855800846629
"241","BKE4",1.3144503701412,103.856840971673
"242","BKE7",1.31261295749072,103.855321953109
"243","BKE9",1.30733721264767,103.851463797291
"244","BKRM",1.31727630326976,103.861368095199
"245","BLM",1.31550644016375,103.860958732701
"246","BL10",1.34376184065735,103.711425137944
"247","BL13",1.34469258752037,103.715035197633
"248","BL15",1.34597151975416,103.707562203036
"249","BL17",1.34787124144777,103.707740695355
"250","BL18",1.34654955571257,103.714423827807
"251","BL19",1.34877728099847,103.713345663581
"252","BL20",1.34809825437211,103.708175276842
"253","BL21",1.34925684308189,103.709373754653
"254","BL22",1.34254350597189,103.713749878244
"255","BL23",1.34956058852667,103.711579812048
"256","BL3",1.34687470761309,103.709234555228
"257","BL8",1.34542513353749,103.713390916368
"258","BL8L",1.34622458631134,103.712063805359
"259","BL9",1.34587087048676,103.71071997503
"260","BMVM",1.28462628946923,103.823129189598
"261","BM1",1.28630269584033,103.809571477145
"262","BM10",1.28809599904796,103.81406981707
"263","BM12",1.28767203206825,103.813274872378
"264","BM13",1.28689820439679,103.812191806644
"265","BM14",1.28904073661503,103.80884793933
"266","BM19",1.28571244802543,103.818702648533
"267","BM2",1.2868507679835,103.809953072261
"268","BM20",1.28524729551706,103.818760208046
"269","BM21",1.2851962650167,103.818008882618
"270","BM25",1.28573294165551,103.816761172217
"271","BM26",1.28729154258428,103.807426768732
"272","BM27",1.28405956989944,103.814782957824
"273","BM28",1.2839993312076,103.81582316671
"274","BM29",1.28363470609251,103.8170992126
"275","BM3",1.28770776626902,103.811527769469
"276","BM30",1.28323433325652,103.816733442325
"277","BM31",1.28244913006554,103.816575026007
"278","BM33",1.28274787270933,103.818651052416
"279","BM34",1.28502532873147,103.816643436628
"280","BM35",1.28438744789989,103.817976425901
"281","BM36",1.28280582151779,103.817857997121
"282","BM4",1.28766728424873,103.80895514474
"283","BM5",1.28843155606342,103.807619501422
"284","BM6",1.28953339055007,103.813764499017
"285","BM9",1.28909799857285,103.814358018406
"286","BP1",1.27279494600191,103.824870046386
"287","BP2",1.27409169127108,103.827004328282
"288","BRBL",1.30659689422405,103.850707491003
"289","BRB1",1.30606674923535,103.850585978632
"290","BRM",1.32074720245893,103.86617287009
"291","BRM1",1.32648548770427,103.856728963114
"292","BRM2",1.3259740602921,103.857683891406
"293","BRM3",1.32152779537526,103.854656300793
"294","BRM4",1.32273032442989,103.856074033682
"295","BRM5",1.32754382777062,103.859485855902
"296","BRM6",1.32778311379668,103.861193389366
"297","BRM7",1.32437389737224,103.855402032964
"298","BR10",1.32301853949917,103.854504305275
"299","BR11",1.32626183868431,103.858964377234
"300","BR12",1.32721507960026,103.857718270558
"301","BR14",1.32595565072479,103.8599834783
"302","BR18",1.32626982487387,103.855749742647
"303","BR21",1.3272593623162,103.856640716141
"304","BR22",1.32834641915005,103.857592887386
"305","BR4",1.32357725963978,103.855421378064
"306","BR5",1.32490897064426,103.858190639299
"307","BR6",1.32303882528804,103.853535763071
"308","BR8",1.32516001102033,103.854558341809
"309","BR9",1.31896256962333,103.850743087122
"310","BTM",1.2867839238665,103.833289747836
"311","BTM2",1.28696308219404,103.829641012372
"312","BTM3",1.28631121985493,103.82869825505
"313","BVM2",1.28349280288791,103.823375662497
"314","BWM",1.28692802563425,103.806701385292
"315","B10",1.32902833089494,103.93370774409
"316","B11",1.32834200532456,103.930396179923
"317","B12",1.32759836868302,103.927878519613
"318","B13",1.32965321685371,103.929763771966
"319","B14",1.32915909292624,103.931445094945
"320","B16",1.32350111787562,103.940559491924
"321","B17",1.32421773800636,103.941857161266
"322","B18",1.32300089965717,103.942896550141
"323","B19",1.32192454600515,103.940960967934
"324","B20",1.31979971448027,103.943420377089
"325","B21",1.32817796290961,103.941046487191
"326","B23M",1.33068775788362,103.940643370568
"327","B24",1.33264716030701,103.938294622262
"328","B24A",1.33126310322328,103.93961602851
"329","B25",1.3329691187717,103.94049034285
"330","B26",1.3343079867729,103.940340587255
"331","B27",1.33411774698927,103.938038135209
"332","B28",1.33254478953244,103.935571078293
"333","B30",1.32994283465695,103.938753433675
"334","B31",1.32850123419672,103.938850199785
"335","B32",1.32741066945513,103.936757479504
"336","B33",1.32724085840242,103.935800164562
"337","B34",1.32831229435955,103.935673430839
"338","B35",1.32905809720399,103.935176202663
"339","B40",1.33254994763877,103.932770145165
"340","B41",1.33255491802081,103.931492866046
"341","B42",1.33245179138242,103.930821156824
"342","B43",1.33110518654351,103.927603397773
"343","B44",1.33397125144351,103.927508774672
"344","B44A",1.33441539317705,103.929854128085
"345","B44B",1.33230140493968,103.922911005356
"346","B45",1.3316799840249,103.925428998801
"347","B46",1.33132122440174,103.924181951894
"348","B47",1.33089591532676,103.922247839024
"349","B48",1.33009592773121,103.923421228438
"350","B49",1.33218576654184,103.926668207172
"351","B50",1.33044709072511,103.913066561269
"352","B50A",1.33151257757753,103.912735169613
"353","B50B",1.33163708215433,103.911952506619
"354","B51",1.33214650008818,103.916396242413
"355","B52",1.33390918003002,103.91789418746
"356","B53",1.33425148909204,103.915177235275
"357","B54",1.33336374406705,103.915203736712
"358","B57",1.33584339449304,103.919019270987
"359","B59",1.33745918527548,103.925953420397
"360","B6",1.32633049648282,103.930339539373
"361","B6M",1.32517329587692,103.930886746172
"362","B6T",1.32371670117556,103.932563566326
"363","B60",1.33719422176863,103.929056697019
"364","B63",1.33815372697679,103.922616463344
"365","B65",1.3200329104339,103.945659287523
"366","B66",1.33054815487274,103.904339563206
"367","B67",1.33201577208614,103.906394759454
"368","B68",1.3225048596874,103.936922029979
"369","B69",1.33342618363755,103.941970736194
"370","B7",1.32513123973324,103.931921731626
"371","B7A",1.32713169234542,103.934036959509
"372","B7B",1.32652150175342,103.934840004069
"373","B70",1.32628984534614,103.927995519062
"374","B71",1.32429388910779,103.924300368982
"375","B72",1.33437705959754,103.907389773807
"376","B73",1.33249226785226,103.906967246152
"377","B74",1.33284685312311,103.909055262719
"378","B75",1.33303810249595,103.917526157776
"379","B76",1.33589956430034,103.934418957404
"380","B77",1.33569101231796,103.936333675463
"381","B78",1.33560888479941,103.938383759657
"382","B79",1.33677615545002,103.937406609969
"383","B8",1.32588149637945,103.928276233077
"384","B80",1.33826830415619,103.923360600804
"385","B81",1.32321112398477,103.934942552253
"386","B82",1.33386404129158,103.930414877334
"387","B83",1.32646901354951,103.922271294732
"388","B84",1.32622610951431,103.934204757316
"389","B85",1.3260802458198,103.941357842004
"390","B86",1.33072026322774,103.935569332707
"391","B87",1.32054067377908,103.936197348202
"392","B88",1.32225093211688,103.938324024787
"393","B89",1.33095917888919,103.937265461444
"394","B9",1.33017270858265,103.933815179244
"395","B90",1.3225206224681,103.939648815533
"396","B91",1.33279732392796,103.914252333368
"397","B92",1.32169739418449,103.933935095136
"398","B93",1.32042179086897,103.934175615557
"399","B94",1.33226016581532,103.929357438698
"400","B94A",1.33130362773806,103.929179189478
"401","B95",1.32551298026985,103.935082729463
"402","B96",1.32496629034656,103.932951608324
"403","B97",1.3361557898964,103.923508078556
"404","B98",1.33607941949204,103.92191686099
"405","B99M",1.32748807507333,103.922761343933
"406","CAM",1.30182105743131,103.798205658094
"407","CCKC",1.38507536269947,103.74574719529
"408","CCM",1.30366087884525,103.799797326245
"409","CC1",1.32662127065844,103.922911429628
"410","CC10",1.32868573161472,103.925576815854
"411","CC11",1.32909586074477,103.921634031442
"412","CC12",1.32676609356985,103.924925546873
"413","CC4",1.32576153824278,103.921387530793
"414","CC5",1.3248224611391,103.923400674582
"415","CC6",1.32351381402203,103.923564612241
"416","CC7",1.32524620545283,103.925687349719
"417","CC8",1.32689548824242,103.919441172637
"418","CC9",1.32772011619967,103.925995094557
"419","CDM",1.30163640936241,103.796791387904
"420","CKM1",1.38359635561229,103.740824780821
"421","CKM2",1.39838483781004,103.74674494947
"422","CKM3",1.38118741809314,103.736641530642
"423","CKM4",1.37863794561537,103.737929659825
"424","CKM5",1.379310300757,103.735695743772
"425","CKM6",1.37753541473403,103.735747604359
"426","CKM7",1.37597355992316,103.7370709373
"427","CKM8",1.37504997521881,103.73836209062
"428","CKM9",1.37736519160234,103.743296588946
"429","CKT1",1.38031508592098,103.738584385895
"430","CK1",1.37747434731214,103.753966519044
"431","CK10",1.38050475322052,103.745434865984
"432","CK11",1.37873382347566,103.741868946579
"433","CK12",1.38128611662468,103.741815708345
"434","CK13",1.38291672354162,103.742040596766
"435","CK14",1.38014102336009,103.742528739317
"436","CK15",1.37842620970632,103.74091199128
"437","CK16",1.37962891057335,103.739221072542
"438","CK17",1.3820730449414,103.740691022393
"439","CK18",1.38099842260868,103.750623144067
"440","CK19",1.38048281912978,103.751330647374
"441","CK2",1.37925278068049,103.751371651842
"442","CK20",1.38338296474863,103.740133654296
"443","CK21",1.38453064663447,103.743820118314
"444","CK22",1.38384387700935,103.745942967992
"445","CK23",1.38414435119935,103.741506854054
"446","CK24",1.38332616301207,103.743309854137
"447","CK25",1.38228999830792,103.743743795647
"448","CK26",1.38462379016476,103.742955840427
"449","CK28",1.3800848001568,103.744171692474
"450","CK29",1.37974571233705,103.744110776461
"451","CK3",1.3786059243998,103.7500624787
"452","CK3A",1.37949253030326,103.749980341676
"453","CK30",1.37902887669667,103.74538107498
"454","CK31",1.37875023314904,103.744938407895
"455","CK32",1.37739477503584,103.743962690334
"456","CK33",1.38869768587925,103.742951354776
"457","CK34",1.38857724580347,103.741097048423
"458","CK35",1.39032696938279,103.742397276147
"459","CK36",1.39228590223088,103.74108732654
"460","CK37",1.39405299528609,103.742229847756
"461","CK38",1.39301793839083,103.744825813665
"462","CK39",1.39614725324911,103.744277802494
"463","CK4",1.38014370343272,103.751662437412
"464","CK4A",1.38116517588396,103.752200460392
"465","CK40",1.39538076213543,103.746147353486
"466","CK41",1.39095741996976,103.746457009456
"467","CK42",1.39276904206261,103.746730358862
"468","CK44",1.39258883506481,103.749136737306
"469","CK45",1.39451794097482,103.749966835991
"470","CK46",1.39526631034354,103.749532106803
"471","CK47",1.39523945037119,103.747699422783
"472","CK48",1.39737452229979,103.745221833723
"473","CK49",1.39874472977906,103.743534979649
"474","CK5",1.38017962306698,103.752720024643
"475","CK50",1.40041195690394,103.743784940046
"476","CK51",1.39964218927207,103.747581316543
"477","CK52",1.40065903012873,103.750236357297
"478","CK53",1.40155438849801,103.750186309811
"479","CK54",1.39813684066122,103.749116700295
"480","CK55",1.3971123380651,103.748508995926
"481","CK56",1.40119604658902,103.746670713406
"482","CK57",1.40223935360943,103.74832374074
"483","CK58",1.40188001041078,103.744879077826
"484","CK59",1.37681191740049,103.742038134687
"485","CK6",1.38073269776225,103.75310558123
"486","CK6A",1.38103539194019,103.75313692681
"487","CK60",1.40429443397874,103.745873826471
"488","CK61",1.40408941986099,103.748917565864
"489","CK62",1.40383948632484,103.749889943228
"490","CK63",1.40286350152128,103.750884316164
"491","CK64",1.39976283413898,103.75130299875
"492","CK65",1.39201946089182,103.744035897855
"493","CK66",1.39397131390054,103.745536231876
"494","CK7",1.38028225945617,103.751960499351
"495","CK70",1.37693325727702,103.738146490105
"496","CK71",1.37668780291728,103.738680846275
"497","CK72",1.37555881252417,103.740930494573
"498","CK73",1.37528291892969,103.743412792998
"499","CK74",1.37329719134091,103.743238498751
"500","CK75",1.37498244130186,103.744534225576
"501","CK76",1.37404045168071,103.746206737981
"502","CK77",1.37655723164178,103.746713680249
"503","CK78",1.37698774822612,103.749399425536
"504","CK8",1.38208607931357,103.747105661127
"505","CK8A",1.38121860673947,103.748978599287
"506","CK9",1.38149597378861,103.744917810056
"507","CK9A",1.37998858619266,103.74750330142
"508","CLM",1.29248301199208,103.814400630046
"509","CLRG",1.31904941179272,103.76398569522
"510","CLTR",1.31935999958591,103.765132832866
"511","CM1",1.27445807410158,103.83921657284
"512","CR1",1.30327083630095,103.863307722528
"513","CR1A",1.30369835708322,103.864958513285
"514","CR1B",1.30403607430399,103.865358707559
"515","CR2",1.30468354035789,103.865658220172
"516","CR29",1.30578378262145,103.85679325982
"517","CR3",1.30506865379077,103.864324795307
"518","CR30",1.30760017872999,103.854941024047
"519","CR31",1.30624974548364,103.854698193613
"520","CR4",1.30435203072103,103.863437208667
"521","CR5",1.30323592683919,103.86223821601
"522","CR6",1.30552432796977,103.863352720563
"523","CR7",1.3055058809529,103.862339328431
"524","CSM",1.28743807416102,103.841165206315
"525","CTM1",1.31474466503457,103.764072923184
"526","CVBK",1.31651643285494,103.861027597963
"527","CV1",1.38832916282799,103.988178003273
"528","CV2",1.38990248276678,103.987988947651
"529","CV3",1.3899831182202,103.986486857746
"530","CV4",1.39017109967947,103.988454110521
"531","CY",1.30062602811305,103.853664871383
"532","C10",1.31846320732282,103.768962945216
"533","C11",1.31589498981238,103.766141636674
"534","C12",1.32178984437935,103.766106072935
"535","C13M",1.32056337141105,103.766179840158
"536","C14M",1.31739237532048,103.765185460601
"537","C15M",1.31622257281508,103.763933111165
"538","C16",1.31431392669284,103.762481571671
"539","C17",1.31385772949926,103.763896569583
"540","C18",1.31227166290931,103.763374420869
"541","C18A",1.31175608147154,103.764186978243
"542","C20",1.31334782082767,103.765261746619
"543","C20M",1.31150425544153,103.765650777195
"544","C21L",1.31101493967165,103.767041660449
"545","C21M",1.31166119443481,103.766526732001
"546","C22M",1.32174637069336,103.77021551085
"547","C24",1.32419762068627,103.771286676964
"548","C25",1.32239272321646,103.769055517241
"549","C26",1.32258776108661,103.769929065203
"550","C27",1.32224226281682,103.77051277091
"551","C28",1.32115797956657,103.763334786019
"552","C28M",1.32236174407854,103.762071450679
"553","C29",1.3126146115238,103.759231789666
"554","C29A",1.31136093559312,103.759184898969
"555","C3M",1.30981358763305,103.770131034559
"556","C3ML",1.3103927402801,103.769092308277
"557","C30",1.31145809738229,103.761421070253
"558","C31",1.31056319446036,103.760599082471
"559","C32",1.3086255588801,103.759081213337
"560","C33",1.30455943796697,103.766857618002
"561","C34",1.30701031530639,103.760936270154
"562","C35",1.30561230241375,103.761439225623
"563","C36",1.30530967452117,103.763557421214
"564","C37",1.30353831712631,103.76397169773
"565","C38",1.30280666781867,103.76252679036
"566","C39",1.31029120826452,103.762239905373
"567","C4M",1.31148010869757,103.770502512952
"568","C41",1.30001091888003,103.768603305278
"569","C5",1.31310265905251,103.769573948647
"570","C6",1.31448811391311,103.767691165502
"571","C7",1.3148838722798,103.770755008502
"572","C8",1.31667465678636,103.768631103456
"573","C9",1.3176492492395,103.770312349409
"574","DRM1",1.28051315604576,103.811543491955
"575","DRM2",1.28129937570063,103.80785308039
"576","DRM3",1.28083837699378,103.809867913107
"577","DRM4",1.28087065205458,103.812365949738
"578","DRM5",1.28133188255593,103.809477383169
"579","DRS",1.2804697558033,103.8129928199
"580","DUXM",1.27697738131728,103.841054070432
"581","DWST",1.29521624071411,103.811970727741
"582","DWSV",1.29530679539566,103.809616856263
"583","ECM",1.32002998785529,103.901627136971
"584","EC2",1.32261572825632,103.904442125182
"585","EC3",1.32115673411842,103.904475815315
"586","EC4",1.3205164562707,103.902692444354
"587","EC5",1.32203348873018,103.902665151571
"588","EC7",1.31778370321915,103.901625746783
"589","EC7T",1.3185196743293,103.90183408599
"590","EC8",1.31922686482178,103.903208105127
"591","EI1",1.32343287474506,103.896847001955
"592","EI3",1.31884646728076,103.898379671788
"593","EPL",1.27716355346546,103.83991265404
"594","EPM",1.27618443608274,103.838908227729
"595","FRM",1.30875863304829,103.861364662207
"596","FR2C",1.31827839070269,103.807712564483
"597","FR2S",1.31792069722508,103.807183873134
"598","FR3M",1.3166948314211,103.806210586409
"599","FR4M",1.31687572661862,103.807534491411
"600","GBM",1.32277239055598,103.868633675666
"601","GEM",1.3200368136063,103.887602667282
"602","GEML",1.31993774229849,103.887849792912
"603","GE1A",1.31988748882181,103.883437784259
"604","GE1B",1.32120544280365,103.88699247956
"605","GE1C",1.31975878966894,103.886299124281
"606","GE1D",1.32185401824824,103.88916338168
"607","GE1E",1.31972148152584,103.884427961533
"608","GE1F",1.31920994810454,103.884235643105
"609","GE1G",1.32096240876741,103.886308837045
"610","GE2",1.31794542178385,103.884839403283
"611","GE3",1.3175009923126,103.887363268966
"612","GE5",1.31654978026759,103.88756528217
"613","GMLM",1.30872831200927,103.785820620833
"614","GM1A",1.31255463307581,103.786945592487
"615","GM1B",1.31285321418841,103.788260076541
"616","GM1M",1.30935443236551,103.784368876242
"617","GM2",1.31160140288265,103.788160078779
"618","GM2A",1.31087104073097,103.787264317105
"619","GM3",1.31115590464674,103.788853078971
"620","GM5",1.31038185297431,103.788510835534
"621","GM6A",1.30949253371727,103.788722863762
"622","GM6B",1.3096110710679,103.78765231793
"623","GSM",1.31720671424654,103.898340096614
"624","GSML",1.31703122753822,103.898488503854
"625","HCM",1.2890460476816,103.821559940018
"626","HDBH",1.33220447263786,103.848319188656
"627","HE1",1.28922214285323,103.822355393474
"628","HE12",1.28821002313219,103.818650624062
"629","HE14",1.28571438959719,103.822252479825
"630","HE17",1.28642306098842,103.820388834268
"631","HE19",1.29054061910106,103.820985076745
"632","HE22",1.29002077327386,103.82284807113
"633","HE24",1.28466809325958,103.820985333231
"634","HE3",1.2847190033879,103.821711693549
"635","HE4",1.28347091305665,103.822782855841
"636","HE9",1.28370736573151,103.82119375672
"637","HG1",1.36215354234695,103.894187377783
"638","HG1A",1.37866384738534,103.901785147268
"639","HG1B",1.37572084272882,103.90068924136
"640","HG1C",1.37738968392648,103.903674328175
"641","HG1D",1.36374338147203,103.894113266095
"642","HG10",1.35454771325923,103.890483639158
"643","HG11",1.36595908495262,103.894980428553
"644","HG12",1.36669512748577,103.89816102898
"645","HG13",1.36783518635272,103.89856384493
"646","HG14",1.3691978333066,103.896427660211
"647","HG15",1.35896083834094,103.886712167765
"648","HG16",1.35972645083626,103.888091510667
"649","HG17",1.35767548484917,103.88795773279
"650","HG18",1.35805628250075,103.888950370557
"651","HG19",1.352845382743,103.883802284162
"652","HG2",1.36291628162409,103.892025512286
"653","HG2A",1.37637231824732,103.900720776155
"654","HG2B",1.37552990726356,103.882455838508
"655","HG2C",1.37010781170663,103.897227561292
"656","HG2D",1.37940714248576,103.887181760762
"657","HG20",1.35028350723647,103.886427478538
"658","HG22",1.3524734570238,103.880432413139
"659","HG23",1.3575125780005,103.891546334091
"660","HG24",1.35979810733998,103.891691698628
"661","HG25",1.35982733896297,103.886889853111
"662","HG26",1.36949658679051,103.898853011793
"663","HG29",1.37234227117385,103.899080520091
"664","HG3A",1.38542260242817,103.880787459801
"665","HG3B",1.38429974353336,103.881624461414
"666","HG3C",1.38677652507999,103.882005516942
"667","HG3D",1.38421111615645,103.879673593934
"668","HG30",1.37325913194905,103.896965902802
"669","HG31",1.3754845441163,103.896317842443
"670","HG32",1.37137905832961,103.886060168368
"671","HG33",1.36956777171657,103.884375124202
"672","HG34",1.36994247153842,103.881503147646
"673","HG35",1.36648972259699,103.888963691121
"674","HG36",1.36611854778553,103.887603859003
"675","HG37",1.3730086329161,103.887370667643
"676","HG38",1.37252086265299,103.889698588937
"677","HG39",1.36994339987184,103.885967780144
"678","HG4",1.3642304254368,103.890983381569
"679","HG40",1.35211876302918,103.892084292931
"680","HG41",1.37127612000394,103.879350149724
"681","HG42",1.37416103651208,103.883417939939
"682","HG43",1.37211311724521,103.884304150568
"683","HG44",1.37364879043448,103.886329705932
"684","HG45",1.3759038270818,103.886129966203
"685","HG46",1.37585784771058,103.886962969499
"686","HG47",1.37118408908204,103.893962180732
"687","HG48",1.37542517007049,103.894093694761
"688","HG49",1.37879334341881,103.894759316379
"689","HG5",1.36535531768289,103.892310847027
"690","HG50",1.37733183605952,103.891333667407
"691","HG51",1.37865104841741,103.890113141272
"692","HG52",1.38028262960107,103.889755601478
"693","HG53",1.3708718261552,103.890703118706
"694","HG54",1.35664435394087,103.884354743098
"695","HG55",1.37268343016966,103.893212203787
"696","HG56",1.37120325144932,103.890122260121
"697","HG57",1.35533709250346,103.89694633924
"698","HG58",1.35711438589703,103.896721357988
"699","HG59",1.35088312280273,103.893319749443
"700","HG60",1.37900437795785,103.891193802696
"701","HG61",1.37965402784891,103.889154445419
"702","HG62",1.38082699622162,103.888559587993
"703","HG63",1.37235766507126,103.897364476865
"704","HG64",1.37434125261485,103.886297641285
"705","HG65",1.34230653593488,103.892828201933
"706","HG66",1.34058675015747,103.895440099107
"707","HG67",1.37429266295628,103.895817612403
"708","HG68",1.36992445116982,103.891839516664
"709","HG69",1.36998074238663,103.892969769849
"710","HG7",1.35365299945538,103.887802968334
"711","HG70",1.37897356713733,103.88850841193
"712","HG71",1.3777026962815,103.886373932381
"713","HG72",1.37862428319608,103.885911372643
"714","HG73",1.37830445462563,103.883551450112
"715","HG74",1.35082019071605,103.888070508009
"716","HG75",1.35059159422799,103.888997927559
"717","HG76",1.35181136707298,103.8794732801
"718","HG77",1.37545419418646,103.884244123071
"719","HG78",1.37677564618289,103.883265934398
"720","HG79",1.37604807170911,103.880491342577
"721","HG80",1.37419013088176,103.879067512978
"722","HG81",1.36092737515415,103.899312943795
"723","HG82",1.36036883880328,103.902566616239
"724","HG83",1.35840591288524,103.902062220692
"725","HG84",1.35961466004637,103.898365798928
"726","HG85",1.36025944840139,103.899471965577
"727","HG86",1.37466140613712,103.880528039092
"728","HG87",1.37592092826308,103.877863195679
"729","HG88",1.37604282239253,103.888589744382
"730","HG89",1.37784239036157,103.894029022762
"731","HG9",1.35891053291104,103.884519896711
"732","HG9T",1.35864838757239,103.885238659407
"733","HG90",1.37788142057996,103.877843513769
"734","HG91",1.37801749594513,103.880220120928
"735","HG92",1.36226721797069,103.890070159767
"736","HG93",1.37997821320362,103.880117502623
"737","HG94",1.38156100224904,103.880647787738
"738","HG95",1.35397786722438,103.890100184271
"739","HG96",1.35268125220462,103.889769069391
"740","HG97",1.37122213787515,103.894757411074
"741","HG98",1.37997406630443,103.877698554265
"742","HG99",1.34943469898558,103.889047925116
"743","HLM",1.28475775562737,103.845490819203
"744","HRM",1.28752086522046,103.821355932476
"745","HR1",1.31146263547137,103.8975454497
"746","HR2",1.31263245735629,103.897028708757
"747","HR3",1.3139801309431,103.896387655711
"748","HR4",1.31469240617583,103.896001387062
"749","HR5",1.31301864605194,103.895099323358
"750","HVM",1.2898694822057,103.827718371206
"751","H11",1.28743829103086,103.827841536793
"752","H12",1.29199377306611,103.827409049688
"753","H14",1.28851170018149,103.832465211569
"754","H15",1.2901865322941,103.830924211333
"755","H17",1.28816785759222,103.827857105147
"756","H18",1.28898974053376,103.826978815376
"757","H3",1.29100868689111,103.832515357445
"758","H3BL",1.38447168477179,103.882239996313
"759","H3DL",1.38507350403926,103.880128192077
"760","H4",1.28809389693211,103.829371405368
"761","H42A",1.37266350712009,103.882178293114
"762","H6",1.29136966413203,103.828983586893
"763","H6M",1.29122535077389,103.827923223211
"764","H8",1.28772696549104,103.830922138015
"765","H87L",1.37849680245764,103.87859616392
"766","H93L",1.37980032644314,103.880717300743
"767","JBM",1.27926297086306,103.82718857877
"768","JBM2",1.28024441131883,103.825279624205
"769","JB1",1.30240182549227,103.882786584161
"770","JB2",1.30162760668841,103.88299671365
"771","JB3",1.30052504023038,103.884288413211
"772","JB4",1.30348322073544,103.883168830504
"773","JCM",1.31525295135647,103.898856003231
"774","JCML",1.31515507696531,103.898634578236
"775","JKM",1.28725684797803,103.838973154153
"776","JKS",1.28816462345907,103.839640391014
"777","JMB1",1.28193489222984,103.827017547253
"778","JMB2",1.28513514427867,103.826795600075
"779","JMB3",1.28259629107526,103.825598528081
"780","JMS",1.2880511267041,103.838805282419
"781","JM1",1.34507053932752,103.720650376783
"782","JM10",1.33894867849231,103.697287459009
"783","JM11",1.3417967899715,103.704148956379
"784","JM12",1.34112097104444,103.698436393509
"785","JM13",1.33947094700527,103.699744926115
"786","JM14",1.34240067437711,103.69876959219
"787","JM15",1.34088882883945,103.700082433655
"788","JM16",1.33721556366032,103.702123027935
"789","JM17",1.3353138254513,103.704086128099
"790","JM18",1.34299662848967,103.699529255337
"791","JM19",1.35197369206251,103.702821143712
"792","JM2",1.34393554031555,103.704963603949
"793","JM20",1.33537708620504,103.70095646555
"794","JM21",1.33707456670612,103.697177926768
"795","JM22",1.34474854196757,103.702591748158
"796","JM23",1.35356268843366,103.703787405644
"797","JM24",1.33528748430355,103.698059830317
"798","JM25",1.34430368003993,103.700628182367
"799","JM26",1.34557254720718,103.703133742984
"800","JM27",1.34630476736012,103.704584463293
"801","JM28",1.33532722240945,103.695687816079
"802","JM29",1.3370050641486,103.694504539652
"803","JM3",1.34458904715404,103.706066836487
"804","JM30",1.35049912635745,103.703884813889
"805","JM31",1.34202665158484,103.697559329234
"806","JM32",1.34159993427188,103.708080854042
"807","JM4",1.34444189385743,103.703912720289
"808","JM5",1.33948512421211,103.703142644426
"809","JM6",1.33921385729785,103.701765028407
"810","JM7",1.34248592800673,103.703006456786
"811","JM8",1.34134425071934,103.701502597934
"812","JM9",1.33865921209034,103.696817871457
"813","JRM",1.30716701989926,103.861854174992
"814","JRTM",1.2893587269753,103.810327689864
"815","JSA1",1.34841785178212,103.725212881021
"816","J1",1.33642972291343,103.738098265144
"817","J10",1.34201668247345,103.740093654431
"818","J11",1.34291966694515,103.7399376555
"819","J12",1.34336292527639,103.738260905311
"820","J13",1.34354068739972,103.736920146275
"821","J14",1.34409384006792,103.739079815316
"822","J15",1.34404181128829,103.741417939618
"823","J16",1.34440108183756,103.735643334707
"824","J17",1.34566907984603,103.735473428565
"825","J18",1.34689075672887,103.734845072165
"826","J19",1.34792579202609,103.733956631501
"827","J2",1.33860776000044,103.736771313524
"828","J20",1.34620383801518,103.73247644634
"829","J21",1.34906412960563,103.72986944795
"830","J21A",1.34745071822874,103.731023020816
"831","J22",1.35132035199711,103.730198503029
"832","J23",1.35002832030992,103.732015898337
"833","J23M",1.34901919084561,103.732133239179
"834","J24",1.34573255581259,103.73106093441
"835","J25",1.3448639686521,103.731645631935
"836","J26",1.34492185975892,103.730596824331
"837","J27",1.34688733579361,103.71666938291
"838","J28",1.34757662092961,103.716498132161
"839","J29",1.34862616117527,103.71691832637
"840","J3",1.33949483651941,103.73548477934
"841","J30",1.3488140652464,103.715501961129
"842","J32",1.3458066607061,103.72047490461
"843","J33",1.34577448968529,103.717879866612
"844","J34",1.34706766327592,103.720085745794
"845","J35",1.34811715674096,103.719517594087
"846","J36",1.35217192032422,103.715456444507
"847","J37",1.35129596169884,103.715801795882
"848","J38",1.34911809382485,103.718585466766
"849","J39",1.35015749885562,103.721347485019
"850","J4",1.33753016931853,103.741902601017
"851","J40",1.35002973222915,103.72287839228
"852","J41",1.34828945624444,103.722032310522
"853","J42",1.34823014262462,103.72357456416
"854","J43",1.34792485443565,103.725268522775
"855","J44",1.34684761063701,103.7246364978
"856","J45",1.3489851813579,103.726785446584
"857","J46",1.34975413727721,103.719058365859
"858","J47",1.35025747611137,103.71802082663
"859","J48",1.35217276704395,103.718479933848
"860","J49",1.35345579862982,103.718949483841
"861","J49M",1.35378258192678,103.719675980676
"862","J5",1.33831447512583,103.742418174224
"863","J50",1.35370720919841,103.722520940491
"864","J51",1.3535560740797,103.724629513634
"865","J52",1.35143640167905,103.724594156983
"866","J53",1.35074095041762,103.726726375989
"867","J54",1.3499265714395,103.724509948021
"868","J55",1.34863731462556,103.724290893933
"869","J56",1.33489264711451,103.739311091351
"870","J57",1.33397611726272,103.739119880197
"871","J57L",1.33446759200437,103.739858001114
"872","J58",1.33420308331824,103.739656017494
"873","J6",1.33906810004769,103.73885142891
"874","J60L",1.34975461447697,103.717872279532
"875","J60M",1.34937129708846,103.71789779158
"876","J61",1.3400767800039,103.688424907971
"877","J62",1.34088978226791,103.685407639614
"878","J62M",1.33987302748123,103.686555370924
"879","J63",1.34177926283375,103.686442787698
"880","J64",1.34447334583006,103.731852359934
"881","J65",1.34277048726823,103.689295832723
"882","J66",1.34129803939305,103.6911289087
"883","J67",1.34164398851553,103.692762268071
"884","J68M",1.34205592994139,103.691922476185
"885","J69",1.33968739721516,103.693640656696
"886","J69M",1.34134413310842,103.693345916026
"887","J7",1.34154387290369,103.738033149612
"888","J70",1.34368703547005,103.693508734471
"889","J71",1.34622764756059,103.69417441758
"890","J72",1.34726728496265,103.697733794226
"891","J73",1.34399538592604,103.698222085255
"892","J74",1.34266458406925,103.696112293441
"893","J74M",1.34284512019999,103.696853876631
"894","J75M",1.34413466038172,103.693089020344
"895","J76M",1.34430441230655,103.694529175815
"896","J77M",1.34744542350681,103.698560619131
"897","J78M",1.34156585497183,103.695123281173
"898","J79M",1.34650108353181,103.694938806298
"899","J8",1.34043019431387,103.741574039036
"900","J8M",1.34064697959678,103.742426522131
"901","J80M",1.34554734300345,103.700969493023
"902","J81M",1.34959145906928,103.700177324868
"903","J82M",1.34585000765068,103.692450100139
"904","J83M",1.35022065301556,103.695064442331
"905","J84M",1.34772468307253,103.696478557493
"906","J85M",1.34997718954676,103.696234875051
"907","J86M",1.34996227233592,103.699090105732
"908","J88M",1.34167926764919,103.707206189343
"909","J89M",1.34237534507963,103.705900791485
"910","J9",1.34212243516899,103.74200092092
"911","J90",1.34154713705687,103.747460100637
"912","J91",1.33753721991719,103.744105051985
"913","J92",1.33755776487708,103.746856391831
"914","J93",1.33924104574268,103.745140168773
"915","J94",1.33969226436242,103.743166119195
"916","J95",1.34010030055232,103.747086883609
"917","J96",1.34151856539452,103.744958316027
"918","J97",1.34240134392606,103.74594637866
"919","J98M",1.3397788016971,103.696856975802
"920","J99M",1.33973330270424,103.696042975809
"921","KAB",1.28170692159683,103.842387852779
"922","KAM",1.28195514013413,103.843299394171
"923","KAML",1.28233016234097,103.843257637828
"924","KAS",1.28057210952426,103.842772927218
"925","KBM",1.32023928754018,103.86912462402
"926","KB1",1.32357360389608,103.868900292234
"927","KB10",1.31890330396579,103.863592558818
"928","KB11",1.32058268108783,103.863721995793
"929","KB12",1.31910620017683,103.861586647034
"930","KB14",1.32055770503646,103.87006187688
"931","KB17",1.31766412026225,103.862910171515
"932","KB18",1.32270330074355,103.865733514169
"933","KB20",1.323749477342,103.866442594153
"934","KB3",1.32082803463467,103.869655124215
"935","KB4",1.32312996053951,103.870683017022
"936","KB6",1.32021280868411,103.87403049569
"937","KB7",1.32158578122993,103.870478363881
"938","KEM1",1.30891669220001,103.852514261709
"939","KE1",1.32975277962478,103.908906090884
"940","KE2",1.33252872343727,103.91055534078
"941","KE3",1.33390932287428,103.911959574832
"942","KE3M",1.33402114153984,103.911410062649
"943","KE4",1.33366709981488,103.91324610644
"944","KJML",1.31222088220004,103.851606439352
"945","KJM1",1.31609366660774,103.848795898853
"946","KJM2",1.31167934445338,103.852047211502
"947","KJ1",1.31363383389436,103.852041216531
"948","KJ2",1.31325065452072,103.850679945965
"949","KJ3",1.31442661586661,103.84993059474
"950","KJ4",1.31658690794699,103.851470185181
"951","KLM",1.30626700087917,103.856800819285
"952","KM1",1.31011214101288,103.883946141596
"953","KM2",1.30877082004129,103.88773705618
"954","KM3",1.30850397786192,103.882946450786
"955","KM4",1.30849255260175,103.885362808782
"956","KTM",1.28306938267032,103.8286510202
"957","KTM2",1.2834464796053,103.827476166039
"958","KTM3",1.28063943549265,103.828648028888
"959","KTM4",1.28148144614253,103.827297312821
"960","KTM5",1.28252909743668,103.829461390033
"961","KTM6",1.28185645216714,103.829243442409
"962","KU1",1.32949535487453,103.903083810763
"963","KU2",1.32767354997167,103.904345176141
"964","KU3",1.32642143793341,103.902451558761
"965","KU4",1.32555472197347,103.900051359044
"966","KU5",1.33044435869103,103.893360109314
"967","KU9",1.32990812718714,103.901089804676
"968","K10",1.30941536478301,103.884416451002
"969","K19",1.30786229262222,103.88930362342
"970","K2",1.30873647549794,103.882351306726
"971","K2T",1.30753801339003,103.883543632437
"972","K21",1.30706551991007,103.888601004847
"973","K22",1.30754713413511,103.888377080325
"974","K28",1.3093829172243,103.8870334048
"975","K3T",1.30758018661979,103.88385694865
"976","K52",1.310554773887,103.884483332368
"977","K7",1.30889451887233,103.886016910437
"978","K9",1.31054839815929,103.886254956959
"979","LBM",1.28933404773161,103.815220331383
"980","LT1",1.3230365361177,103.911575591498
"981","LT2",1.32390817417409,103.910873694598
"982","LT3",1.32503593050984,103.910492607442
"983","L1",1.34950583183482,103.875354556421
"984","MLM",1.29336500541006,103.803454521064
"985","MLM1",1.29203196997694,103.80353016873
"986","MM1",1.33045510029061,103.887063625057
"987","MM2",1.32433968750611,103.886094249665
"988","MM3",1.32626627771418,103.88801858425
"989","MM4",1.32932965670418,103.885486552032
"990","MM5",1.32979172825255,103.888575003116
"991","MM6",1.3243040479764,103.890096172462
"992","MNM",1.32104215479573,103.859835382153
"993","MNRM",1.32054021507341,103.859430532329
"994","MN1",1.32202947349749,103.859200229924
"995","MN2",1.31804968875213,103.856368420374
"996","MP1",1.30481835995201,103.917522173252
"997","MP1M",1.30289810580963,103.909960338966
"998","MP12",1.30318170081254,103.907649874732
"999","MP13",1.30168637315658,103.908850932887
"1000","MP14",1.30254517580666,103.906950687308
"1001","MP15",1.30268247218683,103.905978614516
"1002","MP16",1.30198058088432,103.906657805469
"1003","MP17",1.30612776691317,103.914895457046
"1004","MP19",1.3012859111118,103.906400214862
"1005","MP2",1.30422461438827,103.91665765027
"1006","MP2M",1.30363652103643,103.912879569256
"1007","MP20",1.30132685974996,103.906184842052
"1008","MP3M",1.30435729553073,103.915340815368
"1009","MP4M",1.30399661367737,103.914197193366
"1010","MP5",1.30610964689025,103.916165196659
"1011","MP5M",1.30544802439507,103.912478366917
"1012","MP5S",1.30467203749956,103.912569247641
"1013","MP6",1.30549657962492,103.916381424269
"1014","MP6M",1.30229827375577,103.90828624159
"1015","MP6S",1.30210300644767,103.908338134882
"1016","MP7",1.30558127833997,103.914688790906
"1017","MR3",1.30769352581998,103.85909249027
"1018","MR4",1.30791404317716,103.859973104332
"1019","MR5",1.30815550327494,103.860791750421
"1020","MR6",1.3071674063051,103.860536501889
"1021","MR7",1.30756288472617,103.860392176939
"1022","M1",1.32307478116112,103.886436388264
"1023","M16",1.32843116708984,103.886672299336
"1024","M20",1.32759045265267,103.887265561789
"1025","M25",1.32422544431015,103.888177711009
"1026","M28",1.33112556640427,103.885157492786
"1027","M29",1.32739237548581,103.882055378556
"1028","M3",1.33068085622753,103.885707421104
"1029","M32",1.32231287123776,103.882792969479
"1030","M33",1.32324579235415,103.882172671008
"1031","M34",1.33250795730011,103.885640417485
"1032","M35",1.32728185226066,103.885915035974
"1033","M36",1.32670351840055,103.885455996464
"1034","M37",1.32767740879297,103.88560507357
"1035","M38",1.32715304864823,103.887476664953
"1036","M4",1.3290227940584,103.887659701755
"1037","NBRM",1.30400361667908,103.863010439959
"1038","NT1",1.36119596532434,103.936275912135
"1039","NT2",1.36211982862355,103.936326322243
"1040","PDC4",1.37788771524339,103.738746077505
"1041","PDC5",1.39157526930099,103.743370206175
"1042","PDJ3",1.33471539136349,103.720415077008
"1043","PDJ7",1.34896159064025,103.697910064481
"1044","PDL1",1.3941460662993,103.912950509223
"1045","PDP4",1.38376752314872,103.771371239613
"1046","PDP5",1.38543861286011,103.766168977944
"1047","PDQ5",1.29267932976936,103.810982424243
"1048","PDR2",1.36692597781725,103.964550154426
"1049","PDR6",1.37791117161882,103.941739436251
"1050","PDR7",1.3797395060387,103.936236121637
"1051","PDS1",1.38546999828579,103.901833858028
"1052","PDT8",1.35537036765787,103.934510779836
"1053","PDW5",1.43076816852369,103.794146102224
"1054","PDW7",1.44546228493892,103.7980605915
"1055","PDW8",1.43813638207277,103.795151447654
"1056","PD8W",1.44311644003495,103.791046306814
"1057","PLB1",1.36908460372014,103.958861284294
"1058","PL10",1.3966475919364,103.910306193958
"1059","PL11",1.39811441283673,103.908650550161
"1060","PL12",1.39237066672848,103.909406127335
"1061","PL13",1.39358865548908,103.910389404451
"1062","PL14",1.40239687754578,103.905049450072
"1063","PL15",1.39486251887647,103.912584952759
"1064","PL16",1.39860885740818,103.909368325891
"1065","PL17",1.39871729077093,103.916388873979
"1066","PL18",1.39609284747614,103.914316515023
"1067","PL19",1.39968477235422,103.91010391092
"1068","PL20",1.39955586658796,103.915195893025
"1069","PL21",1.39497078479515,103.915465751868
"1070","PL22",1.39773989829187,103.915911247993
"1071","PL23",1.39976689659986,103.903688630106
"1072","PL24",1.3995519599597,103.908336043303
"1073","PL25",1.39551982553955,103.91177770471
"1074","PL26",1.397283842157,103.915303231434
"1075","PL27",1.39846314053228,103.903072855177
"1076","PL28",1.40200920367078,103.906516042332
"1077","PL29",1.40053884701366,103.913265967366
"1078","PL30",1.39435394473751,103.914093841679
"1079","PL31",1.40367858329091,103.90619802299
"1080","PL32",1.40484725001724,103.904606666241
"1081","PL33",1.40125538700892,103.90989066576
"1082","PL34",1.40386228061003,103.907982473241
"1083","PL35",1.40311932932595,103.907293506747
"1084","PL36",1.40601975747575,103.906223056365
"1085","PL37",1.40323491375439,103.909657140047
"1086","PL38",1.40459923061911,103.908633937631
"1087","PL39",1.4040002035818,103.897952803458
"1088","PL40",1.40372106351862,103.899150331378
"1089","PL41",1.40265108832267,103.901942680435
"1090","PL42",1.40212642399456,103.911697256631
"1091","PL43",1.40171439855035,103.903095832737
"1092","PL44",1.39885655665263,103.901328753224
"1093","PL45",1.39362938020769,103.914500237714
"1094","PL46",1.40025943174779,103.911629841452
"1095","PL47",1.40062697761417,103.900916328431
"1096","PL48",1.4030051179068,103.900383766483
"1097","PL49",1.39931853624636,103.900391802806
"1098","PL50",1.40141928943889,103.899438217567
"1099","PL51",1.40001043477765,103.898676071658
"1100","PL52",1.41019511808862,103.901460526848
"1101","PL53",1.40527653264689,103.898210924182
"1102","PL54",1.40450622624479,103.895344321078
"1103","PL55",1.40540480563453,103.896841568666
"1104","PL56",1.40706997946263,103.911729861973
"1105","PL57",1.40192086453342,103.91468720452
"1106","PL58",1.39991483946419,103.916790732652
"1107","PL59",1.40810932165348,103.898760672691
"1108","PL60",1.40582299864475,103.913258103515
"1109","PL61",1.40611490251331,103.908889866747
"1110","PL62",1.40553392641685,103.895528431952
"1111","PL63",1.40573987308182,103.909579655618
"1112","PL64",1.40529284169846,103.910214174562
"1113","PL65",1.40976244792462,103.899722789586
"1114","PL66",1.39358329221585,103.90836953102
"1115","PL67",1.40847387016727,103.89751341808
"1116","PL68",1.40284977714673,103.89563899985
"1117","PL69",1.40253475955328,103.917614585792
"1118","PL70",1.40307809408051,103.893283963437
"1119","PL71",1.40402608681987,103.915798744515
"1120","PL72",1.40110094234666,103.89427875624
"1121","PL74",1.40126026475489,103.891602982593
"1122","PL75",1.41344990691153,103.898751428957
"1123","PL76",1.41330079624343,103.899328254236
"1124","PL77",1.40101231097549,103.919552044759
"1125","PL78",1.41122004586166,103.897504916284
"1126","PM1",1.3742828524056,103.956604424875
"1127","PM10",1.36674642147396,103.962473964563
"1128","PM11",1.3647932754079,103.963457018404
"1129","PM12",1.36490549297883,103.965028903314
"1130","PM13",1.36647355477753,103.959597741675
"1131","PM14",1.36470843282672,103.960105397908
"1132","PM15",1.36416013372386,103.961677110328
"1133","PM16",1.36235873304778,103.962720606886
"1134","PM17",1.36279285249953,103.959700669125
"1135","PM18",1.36475655010154,103.956879827691
"1136","PM19",1.36795677755504,103.957022738525
"1137","PM2",1.37007306561966,103.961012850461
"1138","PM20",1.36804163341359,103.947456031696
"1139","PM21",1.37119698231594,103.949415425402
"1140","PM22",1.36856243123649,103.952213742156
"1141","PM23",1.36868175530225,103.949503747712
"1142","PM24",1.36718517991143,103.951315318991
"1143","PM25",1.37639013120977,103.945608889804
"1144","PM26",1.37386757289494,103.943992740232
"1145","PM27",1.37396018889779,103.946595969692
"1146","PM28",1.37470010927146,103.947766006105
"1147","PM29",1.3773336408343,103.943373732934
"1148","PM3",1.37180034981674,103.960933001682
"1149","PM30",1.37574538399534,103.942177186883
"1150","PM32",1.37930677359829,103.940098724303
"1151","PM33",1.37708092374818,103.939876700486
"1152","PM34",1.37800060508488,103.938711970245
"1153","PM35",1.38076951171708,103.938641390536
"1154","PM36",1.38241655864518,103.937070549788
"1155","PM37",1.38192478774439,103.936019520133
"1156","PM38",1.37894758122381,103.937242541609
"1157","PM4",1.37410591914786,103.961442713585
"1158","PM40",1.37794761326017,103.93538366563
"1159","PM41",1.37873742012472,103.934124396035
"1160","PM43",1.37717707661931,103.933146993525
"1161","PM44",1.37596561826745,103.93329952864
"1162","PM45",1.37460195488744,103.935904893913
"1163","PM46",1.37322458688351,103.938386988729
"1164","PM5",1.37377035307139,103.962608012823
"1165","PM6",1.37080219607977,103.96339473252
"1166","PM7",1.36755763817199,103.963249921591
"1167","PM8",1.37163599021465,103.960255942047
"1168","PM9",1.36829196705909,103.961216061629
"1169","PP1",1.33400490206807,103.869213959655
"1170","PP2",1.33268014476888,103.86605451411
"1171","PP3",1.33360198339816,103.865844528141
"1172","PP4",1.33473291183773,103.866119237347
"1173","PP5",1.33631310151853,103.86322285845
"1174","PP6",1.33228373597578,103.867614650814
"1175","PP9T",1.33219467825718,103.866060086841
"1176","PRM",1.28545036782062,103.842270008062
"1177","PRM1",1.3696196338882,103.957835189551
"1178","PRS1",1.36801715637777,103.960326337703
"1179","PR1",1.36733183955971,103.957999802334
"1180","PR10",1.37373895609407,103.95718283418
"1181","PR11",1.37445761966103,103.959390305297
"1182","PR12",1.36871369042144,103.952682971027
"1183","PR13",1.36947638581768,103.94961882877
"1184","PR14",1.36668608880898,103.951492698769
"1185","PR2",1.36727480254758,103.955442789512
"1186","PR3",1.37106342287556,103.950715630263
"1187","PR4",1.37293464607517,103.954520488734
"1188","PR5",1.37050826419333,103.955117050351
"1189","PR6",1.3693790590205,103.957594005062
"1190","PR7",1.37100941211206,103.957685082627
"1191","PR8",1.37126784079512,103.959574417605
"1192","PR9",1.37320530125912,103.95845575439
"1193","P1",1.3993255232639,103.907015994093
"1194","P11",1.32120421442687,103.748355858004
"1195","P12",1.32056739486121,103.748194096365
"1196","P13",1.32069015976828,103.750407846118
"1197","P14",1.31935361778841,103.749175401077
"1198","P15",1.31983482254603,103.748148176571
"1199","P16",1.31988238059282,103.747164805137
"1200","P17",1.31882146748239,103.747383966704
"1201","P2",1.40009682917911,103.906015469762
"1202","P3",1.39845683708253,103.905774458657
"1203","P4",1.3972271617557,103.905622898827
"1204","P5",1.396877554713,103.907641896307
"1205","P6",1.39536856955656,103.909462343403
"1206","P7",1.3954279668974,103.906470152887
"1207","P8",1.39422844623806,103.910913906771
"1208","P9",1.39292391841249,103.912537458296
"1209","Q14",1.29763070087789,103.802168030972
"1210","Q15",1.2983325731435,103.801754422444
"1211","Q16",1.29693372572578,103.803716679746
"1212","Q17",1.29620634646065,103.803824603279
"1213","Q19",1.29470100660581,103.803258012943
"1214","Q2A",1.29164762311741,103.804386702034
"1215","Q30",1.29583054566565,103.808776570387
"1216","Q4",1.28871370549231,103.803908353803
"1217","Q41",1.29434523939599,103.809223552287
"1218","Q48",1.29535822956684,103.80351335771
"1219","Q49",1.29529473427588,103.802771970435
"1220","Q5A",1.29114031720917,103.803167832265
"1221","Q5S",1.29077920283236,103.802147298989
"1222","Q51",1.29793262781623,103.799062479034
"1223","Q52",1.29678562006432,103.798911988395
"1224","Q55",1.2986891819389,103.796426768629
"1225","Q57",1.29985982258566,103.798604554642
"1226","Q58",1.30008915614158,103.797655508412
"1227","Q59",1.30093374125412,103.797584691193
"1228","Q65",1.30552382045633,103.798753854211
"1229","Q65A",1.30708785505545,103.801138323268
"1230","Q66",1.30670478972223,103.799497347263
"1231","Q67",1.30717281236323,103.800543340032
"1232","Q68",1.30687742619609,103.799004671473
"1233","Q70",1.30734607061153,103.800549271792
"1234","Q72",1.3064930061098,103.800897017013
"1235","Q73",1.30625330850682,103.800391665527
"1236","Q75M",1.3083119292817,103.793698878344
"1237","Q77M",1.31159320403215,103.792015554458
"1238","Q8",1.29420641437591,103.799569339615
"1239","Q80",1.30853648140917,103.792701706885
"1240","Q81",1.3075367428679,103.793164320357
"1241","Q84",1.30678098777834,103.796673185293
"1242","Q85",1.30823459104465,103.792045670383
"1243","Q86",1.29456348168942,103.803871868573
"1244","Q87",1.30887893710383,103.796238409487
"1245","Q88",1.29299056065761,103.800559659921
"1246","Q89",1.3062461348732,103.795049795309
"1247","Q92",1.2947981950673,103.808485022859
"1248","Q93",1.29494013363994,103.808063969552
"1249","Q94",1.30763780793456,103.800561105473
"1250","Q95",1.30671934714016,103.801268179719
"1251","Q96",1.29534716692892,103.804405250075
"1252","Q97",1.29919960206086,103.797385684371
"1253","Q98",1.29733757261577,103.797284906624
"1254","Q99",1.30529551739977,103.799094517959
"1255","RCM",1.30721028000452,103.855352440457
"1256","RC1",1.32854680983719,103.851553703748
"1257","RC2",1.32768774675285,103.853070634171
"1258","RC3",1.32828554367791,103.854564124589
"1259","RHM",1.286463927483,103.818577605194
"1260","RHM2",1.28700824447412,103.816907324167
"1261","RHM3",1.28791577695299,103.81727324817
"1262","RHM4",1.287988772154,103.815817221734
"1263","RHS",1.28828861382552,103.815616395807
"1264","SAM",1.29256354900088,103.811877450687
"1265","SAM2",1.2939665666451,103.811007297227
"1266","SB1",1.44648028701205,103.822057279141
"1267","SB10",1.45249598745469,103.815392946051
"1268","SB11",1.4517759781995,103.816661948149
"1269","SB12",1.45316506558856,103.819062926083
"1270","SB13",1.45435238171231,103.816425489795
"1271","SB14",1.45239731775752,103.817432277359
"1272","SB15",1.44892718057524,103.816693626696
"1273","SB16",1.44828242080203,103.817310367804
"1274","SB17",1.45090811422822,103.823689954072
"1275","SB18",1.44893112120316,103.81370144291
"1276","SB19",1.45159164275342,103.821357666373
"1277","SB2",1.44644833477035,103.820502733298
"1278","SB20",1.45027173257182,103.822508018528
"1279","SB21",1.45178128558997,103.814235639787
"1280","SB22",1.45116755718215,103.820288292334
"1281","SB23",1.4500353806754,103.818389242903
"1282","SB24",1.45232239636282,103.823549484905
"1283","SB25",1.45019005935565,103.824786964921
"1284","SB26",1.45646501809381,103.815223952965
"1285","SB27",1.4566224164763,103.817396471677
"1286","SB28",1.45486333925637,103.815638409525
"1287","SB29",1.45304509348165,103.820073441041
"1288","SB3",1.44493769850052,103.818740507204
"1289","SB30",1.4554680859085,103.813539776315
"1290","SB31",1.45552667904927,103.814523189211
"1291","SB32",1.45023753397903,103.826377213872
"1292","SB33",1.45121389794192,103.827432868251
"1293","SB34",1.45464503350907,103.813521596665
"1294","SB35",1.44571656944981,103.831601774495
"1295","SB36",1.44743431569956,103.83398232748
"1296","SB37",1.44914982397145,103.832738663608
"1297","SB38",1.44464304690113,103.832692732894
"1298","SB39",1.44778327870689,103.832205309684
"1299","SB4",1.44407970744667,103.821273164723
"1300","SB40",1.44607196944251,103.828703240724
"1301","SB41",1.44618298305479,103.813752595062
"1302","SB42",1.44435833298137,103.816246926059
"1303","SB43",1.44506904492811,103.829916151231
"1304","SB5",1.44611984474071,103.818197001493
"1305","SB6",1.44534120088779,103.822555133907
"1306","SB7",1.44662868389146,103.815006607825
"1307","SB8",1.44711197739973,103.817226347941
"1308","SB9",1.44767043418107,103.815488360564
"1309","SDM",1.31246021162246,103.874451408596
"1310","SDM2",1.31613279500049,103.878455061033
"1311","SD1",1.31657267803069,103.877083273246
"1312","SD10",1.31168226172938,103.874078450465
"1313","SD11",1.31638569035146,103.879448766348
"1314","SD2",1.31692245960171,103.878364864327
"1315","SD3",1.31732996445847,103.879247617028
"1316","SD4",1.31657834758382,103.880241808196
"1317","SD5",1.31776892051572,103.879914883678
"1318","SD9",1.31176147002141,103.873495935032
"1319","SE1R",1.37140963661124,103.869335505236
"1320","SE11",1.37022600111192,103.873419396167
"1321","SE12",1.35784385747932,103.873089062726
"1322","SE13",1.3565716827002,103.870330188763
"1323","SE14",1.35455222366029,103.869988708089
"1324","SE15",1.35289492616618,103.869410075435
"1325","SE16",1.35261889005698,103.867719932116
"1326","SE17",1.35171444093982,103.867709440342
"1327","SE18",1.35019748286145,103.870464058918
"1328","SE19",1.35474491340369,103.873691231019
"1329","SE2",1.37006691607123,103.870532117496
"1330","SE20",1.35157756763095,103.872098796743
"1331","SE21",1.35343618120422,103.872016086453
"1332","SE22",1.3541567315681,103.872128827264
"1333","SE23",1.35404990679112,103.870838930197
"1334","SE24",1.35276439703923,103.871494192628
"1335","SE25",1.34631024904111,103.872723391519
"1336","SE26",1.34896171117061,103.874139816503
"1337","SE27",1.34839475316674,103.876248910456
"1338","SE28",1.34819570615321,103.873623257212
"1339","SE29",1.34990268710401,103.875799285299
"1340","SE3",1.36924418189223,103.870922332174
"1341","SE30",1.36786212957891,103.87445279978
"1342","SE31",1.37151197087876,103.873671906954
"1343","SE32",1.37228480092965,103.872296737759
"1344","SE33",1.37416173827728,103.872607828538
"1345","SE34",1.37394108542823,103.874307227947
"1346","SE35",1.3730991180086,103.876252960217
"1347","SE37",1.37158755114196,103.874888967537
"1348","SE38",1.37395324520749,103.875715278267
"1349","SE39",1.37350367177279,103.871702903251
"1350","SE4",1.36873929404962,103.872296110768
"1351","SE4K",1.36782923418008,103.870314145778
"1352","SE4S",1.36698728669618,103.873279552002
"1353","SE40",1.37254095663696,103.870022956964
"1354","SE41",1.3740476540994,103.870212040334
"1355","SE42",1.37087973961596,103.875104698517
"1356","SE43",1.37049462678183,103.875682405197
"1357","SE50",1.35390134346339,103.868610370785
"1358","SE51",1.35520986047365,103.872382468404
"1359","SE52",1.35688953183656,103.871633411701
"1360","SE53",1.36937809471681,103.875050467174
"1361","SE54",1.35749911405004,103.871172937875
"1362","SE6",1.36584789681137,103.871882592269
"1363","SE7",1.36551021438752,103.872056468889
"1364","SE9",1.36841734207052,103.874459863903
"1365","SGLM",1.32269636245024,103.860244091252
"1366","SGTM",1.32203468795268,103.862837103418
"1367","SG1",1.32322803353976,103.861006321685
"1368","SG2",1.32411623951001,103.862212060947
"1369","SG3",1.32514700022567,103.862176686031
"1370","SG4",1.32330785363861,103.863103594292
"1371","SH1",1.35074492617773,103.838297589164
"1372","SH2",1.35196526252372,103.836968803657
"1373","SIM1",1.34316454230576,103.950453799399
"1374","SIM2",1.34610646002625,103.953919675225
"1375","SIM3",1.34537017727271,103.958166259779
"1376","SIM4",1.34359318291135,103.953546384048
"1377","SIM5",1.34252729033256,103.952280480738
"1378","SIM6",1.34296645518745,103.958943720412
"1379","SI1",1.34110943783859,103.951317856423
"1380","SI10",1.34556997906984,103.957123220528
"1381","SI11",1.34517256975574,103.959264906262
"1382","SI12",1.34587026472634,103.958928410002
"1383","SI13",1.34197935994877,103.957111415124
"1384","SI14",1.34527604319238,103.954618346955
"1385","SI2",1.34401147109406,103.951915624375
"1386","SI3",1.34456535699919,103.952025987864
"1387","SI4",1.34485660470359,103.952274930686
"1388","SI5",1.34574546165244,103.953963988823
"1389","SI6",1.34690182457404,103.955625430728
"1390","SI7",1.34742968430817,103.956292202956
"1391","SI8",1.347209306794,103.957122100942
"1392","SI9",1.34577534749283,103.955439461755
"1393","SK1",1.38841725970703,103.904167469991
"1394","SK1K",1.38463154511692,103.893332023606
"1395","SK10",1.39026401752401,103.898236037163
"1396","SK11",1.38840318112485,103.899463483539
"1397","SK12",1.38320147964749,103.900658039337
"1398","SK13",1.38817411016374,103.900743593932
"1399","SK14",1.38981503628706,103.905337320696
"1400","SK15",1.39360384273216,103.899534180227
"1401","SK16",1.38372970413515,103.90090376595
"1402","SK17",1.39282139077437,103.898706817481
"1403","SK18",1.39467896998938,103.904550985197
"1404","SK19",1.39477325295803,103.902428157001
"1405","SK2",1.39028340682978,103.900114145418
"1406","SK20",1.39410689532618,103.903914304261
"1407","SK21",1.38280472051791,103.9031595106
"1408","SK22",1.38722444847627,103.905215411557
"1409","SK23",1.38622337341968,103.906094682692
"1410","SK24",1.39371438377114,103.906757692769
"1411","SK25",1.39292097028495,103.89795579644
"1412","SK26",1.39351434235819,103.896558616183
"1413","SK27",1.38511645208842,103.903605711018
"1414","SK28",1.38700871926674,103.895900763477
"1415","SK29",1.38802257325323,103.895389936708
"1416","SK3",1.38604418076072,103.897425873932
"1417","SK30",1.3937198420677,103.895841288906
"1418","SK31",1.39320822353683,103.902565879637
"1419","SK32",1.38765834596692,103.892164373489
"1420","SK33",1.38833150225595,103.89239969864
"1421","SK34",1.39668094964829,103.901970849034
"1422","SK35",1.39519357112563,103.899843568647
"1423","SK36",1.38885342924562,103.891541128436
"1424","SK37",1.38744865068714,103.890608655618
"1425","SK38",1.39477668017206,103.894689419102
"1426","SK39",1.39622574807509,103.898047911022
"1427","SK4",1.38213301815495,103.900062072932
"1428","SK40",1.39044675592908,103.888403398056
"1429","SK41",1.38872795405383,103.887776160463
"1430","SK42",1.38787920466601,103.889333099523
"1431","SK43",1.39646812414882,103.897181657057
"1432","SK44",1.3894943709639,103.886380303698
"1433","SK45",1.39760051961837,103.898738179559
"1434","SK46",1.39219919573459,103.885111381814
"1435","SK47",1.39035811938099,103.885182323922
"1436","SK48",1.39020406555698,103.891507801806
"1437","SK49",1.39051302022713,103.890455762722
"1438","SK5",1.38767848783983,103.902745069894
"1439","SK50",1.39327484933276,103.892561232331
"1440","SK51",1.39361251255771,103.891476056772
"1441","SK52",1.39232884206229,103.889906512633
"1442","SK53",1.39255847909319,103.887374040903
"1443","SK54",1.39205504390264,103.908312680875
"1444","SK55",1.38714443685951,103.907769441922
"1445","SK58",1.38944471991347,103.878212028333
"1446","SK59",1.39543366795859,103.895842197654
"1447","SK6",1.38946732451962,103.900937363796
"1448","SK60",1.38775958325072,103.873259967456
"1449","SK61",1.3881775375591,103.874837065187
"1450","SK62",1.38888278077699,103.876719479136
"1451","SK63",1.38404661008889,103.897977319845
"1452","SK64",1.38439098689015,103.895742240925
"1453","SK65",1.38364718364384,103.897005879401
"1454","SK66",1.39166684156152,103.906938482567
"1455","SK67",1.38194789824095,103.897095767036
"1456","SK68",1.38306538726293,103.894242431036
"1457","SK69",1.39250622481522,103.87633404339
"1458","SK7",1.3890692026661,103.897991187245
"1459","SK70",1.38429570318294,103.894742212238
"1460","SK71",1.38207746901543,103.894188245183
"1461","SK72",1.38514135052927,103.893888185531
"1462","SK73",1.38611189717361,103.894244671663
"1463","SK74",1.39216839066302,103.877596214762
"1464","SK75",1.39161010192933,103.875110982126
"1465","SK76",1.38532767389454,103.900108552963
"1466","SK77",1.39031568005166,103.876532753858
"1467","SK78",1.39168389915635,103.87407028684
"1468","SK79",1.38613475429302,103.900039792279
"1469","SK8",1.38983337360182,103.902188148776
"1470","SK80",1.39392199294293,103.876526019047
"1471","SK81",1.39202752679738,103.873275757069
"1472","SK82",1.39084249878375,103.909018784302
"1473","SK83",1.39418940736509,103.873405117906
"1474","SK84",1.38989771590813,103.910047075956
"1475","SK85",1.39424024897645,103.878137262843
"1476","SK86",1.39438120083388,103.877159955364
"1477","SK87",1.39315202180955,103.873121996799
"1478","SK88",1.39402110312423,103.874103934736
"1479","SK89",1.39486967338794,103.88854798239
"1480","SK9",1.39081416530162,103.905921755233
"1481","SK90",1.39485243631415,103.892357868446
"1482","SK91",1.38549439147242,103.891522007331
"1483","SK92",1.38615841223772,103.89290117506
"1484","SK93",1.39393705425638,103.875381818924
"1485","SK94",1.39636523046338,103.88934469373
"1486","SK95",1.39797033515332,103.889857180532
"1487","SK96",1.39291336961714,103.878250935839
"1488","SK97",1.39286043311406,103.886241158495
"1489","SK98",1.38964898281577,103.880082777112
"1490","SK99",1.39709138529337,103.878555486436
"1491","SLS",1.28167579933127,103.842977007337
"1492","SL1",1.31176309133616,103.923632107098
"1493","SL2",1.31153662886822,103.923154183766
"1494","SMM",1.29332243274382,103.807582225673
"1495","SM1",1.35791808450825,103.839328195095
"1496","SM2",1.35486279179044,103.836340712064
"1497","SM3",1.35470514075408,103.839066597916
"1498","SM5",1.35876739534311,103.838293856674
"1499","SM6",1.36137996634288,103.837923139231
"1500","SM7",1.35896237680747,103.839957650567
"1501","SM8",1.35732752805403,103.839033456895
"1502","SM9",1.35549531170881,103.836842743833
"1503","SPM",1.27392581672339,103.835631619211
"1504","SPS",1.27509546125685,103.836173086305
"1505","SRS",1.27553450520988,103.830565348682
"1506","SR1",1.30359099563372,103.850845759339
"1507","SR2",1.30316526637661,103.851039984324
"1508","STAM",1.29285019100066,103.809939841282
"1509","STM1",1.29026427746637,103.803192714215
"1510","STM2",1.28982909955491,103.803702374662
"1511","STM3",1.28982705125862,103.803326495987
"1512","S100",1.39686834113125,103.881715032245
"1513","S101",1.39697227996449,103.879419666793
"1514","S102",1.38927397380214,103.907600114193
"1515","S103",1.39633884212854,103.895287224527
"1516","S104",1.39024434420592,103.893051787254
"1517","S105",1.38972269911179,103.894457434832
"1518","S106",1.38140239601489,103.890079173018
"1519","S107",1.39922951826324,103.889647323704
"1520","S108",1.39809132891077,103.896925074396
"1521","S109",1.39157198683056,103.879898734907
"1522","S110",1.39330260771262,103.886621118922
"1523","S19L",1.45136605677181,103.820911396835
"1524","S24L",1.45316111019205,103.823704713053
"1525","S28L",1.45482008394059,103.816755042661
"1526","S30L",1.39456170020888,103.894830225379
"1527","S39L",1.37390744872993,103.871751915095
"1528","S69A",1.39206869804454,103.876875874678
"1529","TAM1",1.3551798764167,103.945951876379
"1530","TAM2",1.36029333438921,103.953155104096
"1531","TBCM",1.27754477232218,103.821124298244
"1532","TBC2",1.27574305818463,103.820689635219
"1533","TBC3",1.27904423968572,103.817578169242
"1534","TBK",1.2773607628817,103.810047150713
"1535","TBM",1.27179128599522,103.810668702176
"1536","TBMT",1.27379625405021,103.806901321906
"1537","TBM2",1.27530436512936,103.809223320155
"1538","TBM3",1.27337433591129,103.808972846138
"1539","TBM4",1.2772968603551,103.807767086756
"1540","TBM5",1.27499850707926,103.811751539665
"1541","TBM6",1.27333300146065,103.811111374753
"1542","TBM7",1.27626612034828,103.810835773813
"1543","TBM8",1.2772069380595,103.807280865049
"1544","TBM9",1.27478411740776,103.807191413199
"1545","TB1",1.27844365056695,103.818574053381
"1546","TB10",1.27240638950472,103.823207387956
"1547","TB11",1.27061262622737,103.823535472438
"1548","TB14",1.28182521169611,103.807345338019
"1549","TB17",1.27481485722614,103.81301980698
"1550","TB18",1.27651227201785,103.80981167434
"1551","TB19",1.27466469119481,103.808710412968
"1552","TB2",1.27760569115484,103.819343295807
"1553","TB22",1.2739113685399,103.807581026218
"1554","TB23",1.28134216910423,103.815218908697
"1555","TB27",1.28192374153419,103.811716591586
"1556","TB28",1.27202504015115,103.809112040994
"1557","TB29",1.27313561725331,103.806984271551
"1558","TB3",1.27683918285987,103.819467668237
"1559","TB4A",1.27763438546742,103.822440225255
"1560","TB6",1.27395079722103,103.822151287781
"1561","TB7",1.2734514848823,103.821399186795
"1562","TB8",1.27264404756874,103.820754852551
"1563","TB9",1.27328899776074,103.822233439256
"1564","TE1",1.28131371505722,103.826454025893
"1565","TE13",1.28322665997149,103.830574556754
"1566","TE14",1.27698058237175,103.828854664875
"1567","TE2",1.27998229678202,103.825079973477
"1568","TE21",1.28299052847237,103.831584387294
"1569","TE22",1.28343065171822,103.832582825776
"1570","TE23",1.28425906003482,103.833526015241
"1571","TE24",1.28434502330698,103.830109161508
"1572","TE25",1.27737166409302,103.830787722964
"1573","TE26",1.28528656839781,103.830852155733
"1574","TE27",1.28366589460653,103.831550281879
"1575","TE28",1.2826212098586,103.832644854849
"1576","TE29",1.28209274983331,103.831312048004
"1577","TE3",1.279741391649,103.826141560834
"1578","TE30",1.28288408519611,103.830196524691
"1579","TE4",1.27836963975571,103.82784357065
"1580","TE9",1.28387680667098,103.832972373004
"1581","TGML",1.32174968731496,103.739341480221
"1582","TGM1",1.32117268171462,103.738914014314
"1583","TGM2",1.32214501861335,103.738294454968
"1584","TGM3",1.32326132845571,103.739328367393
"1585","TGM4",1.3225222216469,103.737251753041
"1586","TG1",1.32331299286462,103.737634509395
"1587","TG2",1.32156339469995,103.737621413525
"1588","TG3",1.3206349930588,103.73897739774
"1589","TG6",1.3218251384145,103.741092696946
"1590","TG7",1.3201453629777,103.742291000055
"1591","THM",1.29820312245213,103.797894179223
"1592","TJ1K",1.33421064783734,103.721524351551
"1593","TJ18",1.33184819450938,103.722462206873
"1594","TJ27",1.32700853151024,103.721100787966
"1595","TJ28",1.33711975668127,103.720458878805
"1596","TJ29",1.32814277923502,103.72230234257
"1597","TJ30",1.33010142380296,103.722239185584
"1598","TJ31",1.33859456993132,103.722870167673
"1599","TJ32",1.34004950117897,103.72018296672
"1600","TJ33",1.33710941440671,103.723249816771
"1601","TJ34",1.33394993169412,103.724509174187
"1602","TJ35",1.33290063873656,103.722484004596
"1603","TJ36",1.33620785548237,103.72452979382
"1604","TJ37",1.33828253386359,103.722528311224
"1605","TJ38",1.33231356853451,103.72177968692
"1606","TJ39",1.32790676115794,103.723323877019
"1607","TJ40",1.33039227933258,103.72149803521
"1608","TJ41",1.32681111972558,103.723397607675
"1609","TJ42",1.32722546437042,103.722349356252
"1610","TM10",1.35335364637941,103.960255096658
"1611","TM11",1.35440037157986,103.958524523388
"1612","TM12",1.35579719337718,103.957214672617
"1613","TM13",1.35635709378831,103.959100665781
"1614","TM14",1.34905303164311,103.930555271455
"1615","TM15",1.35773062477325,103.952223701669
"1616","TM16",1.3557548071635,103.950231132901
"1617","TM17",1.35124984060529,103.93800255053
"1618","TM18",1.35239797131804,103.938034919187
"1619","TM19",1.35734265491577,103.959344863584
"1620","TM20",1.35814271798811,103.961021492098
"1621","TM21",1.35141332669889,103.960473849462
"1622","TM22",1.35226448656079,103.962829488232
"1623","TM23",1.35466148603047,103.962181061755
"1624","TM24",1.35541794839483,103.96144236094
"1625","TM25",1.35871474701473,103.958495138344
"1626","TM26",1.35982667978697,103.959625223987
"1627","TM27",1.36065300511494,103.959888479028
"1628","TM28",1.36283373495197,103.956879678424
"1629","TM29",1.36068538613667,103.959108803247
"1630","TM3",1.36126278250314,103.950564972012
"1631","TM30",1.35687382979751,103.936651408901
"1632","TM31",1.35875185584681,103.93665544861
"1633","TM32",1.35953560238539,103.935230703628
"1634","TM33",1.35636366733008,103.936071948324
"1635","TM34",1.35721980974478,103.933432902076
"1636","TM35",1.35991484787533,103.934139274531
"1637","TM36",1.35716298585214,103.939073297793
"1638","TM37",1.35617684383887,103.938607238244
"1639","TM4",1.36309522875171,103.952161488768
"1640","TM40",1.33944272619115,103.943386252912
"1641","TM41",1.34753010186292,103.941418482482
"1642","TM42",1.34893697541585,103.933507457646
"1643","TM43",1.35338717764057,103.952234710171
"1644","TM44",1.35920002462405,103.956316850271
"1645","TM45",1.35534741724517,103.933002997236
"1646","TM46",1.3585465791926,103.938443769608
"1647","TM47",1.35671243170124,103.940150466802
"1648","TM48",1.34707827410843,103.934141427589
"1649","TM49",1.36397977606126,103.953023689367
"1650","TM5",1.36310833735369,103.954079243776
"1651","TM50",1.35644833044521,103.931119643904
"1652","TM51",1.3511829039114,103.928756085024
"1653","TM52",1.36392122434221,103.955715835587
"1654","TM53",1.35485310444734,103.93868902312
"1655","TM6",1.35324781420576,103.956349382379
"1656","TM7",1.35280896665625,103.957625161004
"1657","TM8",1.35150069169546,103.957204284652
"1658","TM9",1.35334541157381,103.959093065887
"1659","TPB1",1.33606486320519,103.856597479377
"1660","TPL",1.27690757487493,103.84300740411
"1661","TPM",1.27548140025172,103.842297402262
"1662","TPMA",1.33650365978024,103.851133568611
"1663","TPMB",1.33303316789673,103.845225018665
"1664","TPMC",1.34193589106359,103.846160684481
"1665","TPMD",1.33020807471111,103.844911207877
"1666","TPME",1.33844613342094,103.849846832078
"1667","TPMF",1.33510316947184,103.845634356621
"1668","TPMG",1.33824903865788,103.844073149869
"1669","TPMH",1.33202291961317,103.857397865567
"1670","TPMJ",1.33426620166979,103.845480506878
"1671","TPMK",1.33097690445774,103.858571835925
"1672","TPML",1.33822587574374,103.858923212101
"1673","TPMM",1.33901410303956,103.858003729416
"1674","TPMN",1.3348930156411,103.848578452229
"1675","TPMP",1.33668416639977,103.844801354357
"1676","TPMQ",1.3369784658429,103.842853681281
"1677","TPMR",1.33374734018766,103.855673205432
"1678","TPM2",1.33927020386543,103.847087212616
"1679","TPM3",1.33074900352219,103.84223393405
"1680","TPM4",1.33575415747033,103.84934606221
"1681","TPM5",1.33581868535626,103.847339933455
"1682","TPM6",1.33488965414717,103.854623432868
"1683","TPM7",1.33984970613382,103.845921767372
"1684","TPM8",1.33663525131957,103.859285987542
"1685","TPM9",1.33708128214439,103.85778898075
"1686","TP1K",1.33711062221084,103.844989916999
"1687","TP10",1.33491613818982,103.853591563851
"1688","TP12",1.33402734061323,103.85210696046
"1689","TP14",1.33588861085823,103.852407721881
"1690","TP15",1.33747939979042,103.850833549681
"1691","TP16",1.33324574622349,103.848316153335
"1692","TP17",1.33377302249117,103.848593279613
"1693","TP18",1.33258932067388,103.850744468143
"1694","TP2",1.33617963179044,103.84824149823
"1695","TP20",1.33102241988452,103.844487573026
"1696","TP22",1.33420093678636,103.84404232076
"1697","TP27",1.33754412799672,103.845267557433
"1698","TP3",1.33534120557582,103.851550224115
"1699","TP3A",1.33951820590742,103.854212580524
"1700","TP30",1.34060580151967,103.846332775075
"1701","TP31",1.3411010791516,103.84587103389
"1702","TP32",1.34108034789424,103.847449726872
"1703","TP33",1.34251741317896,103.847082295847
"1704","TP34",1.33798818324139,103.852433347005
"1705","TP36",1.33626310515236,103.853788590001
"1706","TP39",1.33291610075102,103.854246074194
"1707","TP4A",1.33927118972548,103.855528974619
"1708","TP40",1.33168719448209,103.8567142389
"1709","TP41",1.33196949486601,103.858243815438
"1710","TP43",1.3348375584102,103.857244313264
"1711","TP48",1.33757150556349,103.856680739603
"1712","TP49",1.33886960111805,103.855742678862
"1713","TP50",1.33887843309577,103.854431021968
"1714","TP52",1.34140865305921,103.854539238308
"1715","TP53",1.34244206576663,103.855552432237
"1716","TP54",1.34143888748493,103.8564558559
"1717","TP56",1.33673348441186,103.860439372341
"1718","TP57",1.33493442924947,103.86054496098
"1719","TP59",1.33420478625039,103.860702829454
"1720","TP60",1.34016498987793,103.85225868391
"1721","TP61",1.33296942756151,103.848320671405
"1722","TP62",1.34141970217028,103.850461054489
"1723","TP63",1.34176245418603,103.849032778716
"1724","TP64",1.34233855856516,103.849613055487
"1725","TP65",1.33565252312974,103.851055379874
"1726","TP66",1.33527703622672,103.856387734252
"1727","TP67",1.33274927451194,103.857110915851
"1728","TP68",1.33113570422525,103.859293715914
"1729","TP7",1.33980390179776,103.848765172594
"1730","TP8",1.33939174146461,103.848451034647
"1731","TP8A",1.33794965196423,103.849414556482
"1732","TRM",1.3003313037311,103.883657821383
"1733","TRS",1.30064941949435,103.88347010009
"1734","TR1",1.31973040251887,103.861109616449
"1735","TWM1",1.37915447657885,103.757533021941
"1736","TWM2",1.37963665953809,103.756576724386
"1737","TWM3",1.38038891574567,103.757316724977
"1738","TWM4",1.38292077799586,103.75394453368
"1739","TW1",1.37768814864177,103.755159171
"1740","TW2",1.37874997515072,103.754474939649
"1741","TW3",1.38033006895066,103.754505021287
"1742","TW4",1.38207251085638,103.75309846721
"1743","TY1",1.33903677957212,103.77438705165
"1744","TY2",1.33847628119036,103.773653021053
"1745","TY3T",1.34011605000476,103.772391125221
"1746","TY4",1.33846289010818,103.771971186198
"1747","T1",1.34757095762173,103.946942586806
"1748","T11",1.35082620611183,103.943316985097
"1749","T12",1.35108600994213,103.945764607036
"1750","T13",1.34902398735231,103.945738735296
"1751","T15",1.35320756420394,103.952761578793
"1752","T16",1.35255005071892,103.952312054475
"1753","T17",1.35198364636497,103.953268714855
"1754","T18",1.35313741716376,103.953945676368
"1755","T19",1.35453408562412,103.953345884695
"1756","T20",1.35621450944085,103.947360277878
"1757","T24",1.35443532638861,103.947278978959
"1758","T25",1.35267075931803,103.947107974785
"1759","T26",1.35222092781116,103.949098205839
"1760","T27",1.3530053637216,103.948191326775
"1761","T28",1.35422923400605,103.949398406629
"1762","T29",1.35402888683802,103.950967062813
"1763","T3",1.34664070217415,103.947442194305
"1764","T30",1.35106398143595,103.949415584102
"1765","T31",1.35112353635064,103.947978706942
"1766","T32",1.34894359580452,103.950446506544
"1767","T33",1.34751617417389,103.95232364471
"1768","T34",1.34891162743918,103.952685791078
"1769","T35",1.34888333062415,103.954237674
"1770","T37",1.34735809483409,103.936864356333
"1771","T38",1.3503210301814,103.94053617775
"1772","T39",1.34568529353786,103.940489781846
"1773","T4",1.34542001811937,103.949814199915
"1774","T40",1.34025889071848,103.942308054998
"1775","T41",1.34823220588008,103.935311662891
"1776","T42",1.34928854180657,103.932724075647
"1777","T43",1.35115138241597,103.934334117545
"1778","T44",1.35071222526861,103.935373329347
"1779","T45",1.35306640946916,103.935205836695
"1780","T46",1.35249762189397,103.936530325547
"1781","T47",1.35487010000585,103.936899493671
"1782","T47A",1.35490840807664,103.935114361657
"1783","T48",1.35388683839537,103.932849992234
"1784","T49",1.35199088043568,103.931430000358
"1785","T49A",1.3514152142057,103.933418410936
"1786","T50",1.3507224444833,103.931000895113
"1787","T51",1.34874857213939,103.931701567441
"1788","T54",1.35360553657432,103.943724218391
"1789","T55",1.35629474946784,103.945251948639
"1790","T56",1.35008592149963,103.93287637469
"1791","T57",1.35074674066928,103.933069363256
"1792","T58",1.3553423222406,103.93112476357
"1793","T7",1.34546969683802,103.945805403672
"1794","T7A",1.34496193526982,103.945627249998
"1795","T72",1.35809417838046,103.945610152353
"1796","T73",1.35808555961423,103.946922166286
"1797","T74",1.35941422020648,103.948213461328
"1798","T75",1.35932900322722,103.950454434316
"1799","T76",1.36016774021234,103.95164211871
"1800","T77",1.36167764999293,103.952774960656
"1801","T78",1.35767731004955,103.951211072332
"1802","T79",1.35741276397952,103.954469441427
"1803","T8",1.34641423073224,103.944190073287
"1804","T80",1.35979875237888,103.954572976966
"1805","T81",1.3603298279116,103.957967543894
"1806","T9",1.34781633164446,103.943646711498
"1807","UAM1",1.33449780875893,103.879213581489
"1808","UA2",1.33369095999958,103.879228838414
"1809","UA3",1.33465443487361,103.88062786479
"1810","UA4",1.33529208295604,103.878923213918
"1811","UA5",1.33651336284135,103.881182053495
"1812","UA6",1.33422423692974,103.879156376979
"1813","UBA4",1.33577245554552,103.896171945487
"1814","UBKM",1.31481023496255,103.870875870995
"1815","UBK2",1.3155971787693,103.871397464283
"1816","UBK4",1.31528793831425,103.874088216801
"1817","UBK5",1.31853579262266,103.873959398416
"1818","UBM1",1.31264166397819,103.87262135331
"1819","UBM2",1.31310841999604,103.87038903664
"1820","UCS",1.28666135091677,103.841855414093
"1821","U1",1.34838970301781,103.746981501513
"1822","U10",1.34580354219828,103.743724236432
"1823","U11",1.34742091712256,103.743303206045
"1824","U12",1.34696157183413,103.749470272622
"1825","U13",1.34780344700207,103.753222296157
"1826","U14",1.34698966625228,103.754934171417
"1827","U15",1.34888370020953,103.755436272093
"1828","U16",1.35043563668596,103.755063474791
"1829","U17",1.35009596559791,103.756805573197
"1830","U18",1.35108941239583,103.758733386708
"1831","U19",1.34850285719901,103.758322441839
"1832","U2",1.34987248400339,103.746309292549
"1833","U20",1.3471319561138,103.760494555166
"1834","U21",1.35735541423313,103.748583617477
"1835","U22",1.36076433250331,103.746514564849
"1836","U23",1.36302119257396,103.74556533339
"1837","U24",1.36390797990537,103.747645348487
"1838","U24T",1.36451633190909,103.747428828838
"1839","U25",1.36310524833054,103.750009965501
"1840","U26",1.36051634143148,103.750131440781
"1841","U27",1.35959308732366,103.751065062311
"1842","U28",1.35787573992469,103.750561153043
"1843","U29",1.35859219879211,103.749298577117
"1844","U3",1.35139195654454,103.744351634786
"1845","U30",1.35691437554883,103.752695158177
"1846","U31",1.35691340268137,103.751073604829
"1847","U32",1.35410023419813,103.752614041782
"1848","U33",1.35497823925369,103.751306964305
"1849","U34",1.35173368582319,103.753703227508
"1850","U36",1.3439131062188,103.751885145817
"1851","U38",1.34672609294971,103.744577082454
"1852","U39",1.34975943162847,103.750988845481
"1853","U4",1.35065356523015,103.743219963037
"1854","U40",1.34863240139712,103.751368303705
"1855","U41",1.34948459705518,103.752048349981
"1856","U41A",1.35012274417831,103.74966938643
"1857","U43",1.36508311373815,103.745936918798
"1858","U45",1.34691849203713,103.757898925672
"1859","U46",1.34416821075673,103.747626883417
"1860","U48",1.36143431940452,103.748770630438
"1861","U49",1.34532791313829,103.750808487893
"1862","U5",1.35013724128289,103.744677881792
"1863","U50",1.34734194533605,103.755651705318
"1864","U51",1.36484419185718,103.74648387196
"1865","U52",1.34460769567205,103.74501700593
"1866","U53",1.34360120532342,103.746726774632
"1867","U54",1.35077825826743,103.755253490024
"1868","U55",1.35083375878535,103.738245583703
"1869","U56",1.35614620485942,103.73733078866
"1870","U57",1.34600244204373,103.755351832415
"1871","U58",1.35219862134908,103.740484110693
"1872","U59",1.34444329077446,103.755369502678
"1873","U6",1.3480295181731,103.744103523173
"1874","U60",1.35303922265873,103.744008544763
"1875","U61",1.3556660117143,103.739281223126
"1876","U62",1.35162918067514,103.742066635604
"1877","U63",1.35924922686676,103.749814751519
"1878","U64",1.35457867310759,103.739718231105
"1879","U65",1.35735308528904,103.740009965703
"1880","U66",1.35870653087181,103.739571018688
"1881","U68",1.35395665315986,103.739768663472
"1882","U7",1.34870766411204,103.742092661761
"1883","U8",1.34716197857885,103.741894601901
"1884","U9",1.345845572524,103.741192580594
"1885","WCB",1.29880829368048,103.851937756299
"1886","WCC",1.4349017374169,103.786613834999
"1887","WDB1",1.32077003284102,103.853244212117
"1888","W10",1.43935179300566,103.775320185964
"1889","W100",1.42870445142089,103.792240445282
"1890","W101",1.44254432672344,103.805785724715
"1891","W102",1.44120480685176,103.806616629934
"1892","W103",1.44574602478503,103.797335902769
"1893","W104",1.4439746500165,103.807538591277
"1894","W105",1.44466730324452,103.808859302818
"1895","W106",1.44293575836425,103.808478523258
"1896","W107",1.42980075321887,103.789596954058
"1897","W108",1.43158259367513,103.775303827882
"1898","W109",1.4450222780478,103.797336739079
"1899","W11",1.44226671440428,103.772711450215
"1900","W11M",1.44272407375928,103.772856586806
"1901","W12M",1.44464074999516,103.772203770859
"1902","W13",1.4435372787951,103.774807906983
"1903","W14",1.44705221629299,103.772974672318
"1904","W16",1.44064244357724,103.781879358875
"1905","W17",1.43668196786801,103.781647221767
"1906","W18",1.43904250217394,103.780442950626
"1907","W181",1.43965386998101,103.779296800784
"1908","W182",1.43515865200672,103.7759983247
"1909","W185",1.43626806902804,103.776472755361
"1910","W19",1.43759455229014,103.777208333743
"1911","W20",1.43503803057198,103.774750282009
"1912","W21",1.4346750027102,103.778030492378
"1913","W23",1.43221125170495,103.78112571087
"1914","W23T",1.43131837741842,103.780385644152
"1915","W24",1.43102403484068,103.779331138216
"1916","W25",1.43031847265344,103.776194324814
"1917","W26",1.43168432830208,103.774286145774
"1918","W27",1.43102519322858,103.773910613583
"1919","W28",1.43011733042847,103.773857089794
"1920","W29",1.43009453325602,103.774766565166
"1921","W3",1.4406484395019,103.769578781159
"1922","W30",1.43029019955138,103.774068324764
"1923","W36",1.44137836211154,103.786419066203
"1924","W37",1.44187532254671,103.79043222
"1925","W39",1.43990028179278,103.791227976172
"1926","W4",1.44245814875092,103.776746148654
"1927","W4M",1.44155853316856,103.775983512441
"1928","W40",1.44159628082276,103.79201590187
"1929","W41",1.44001078864525,103.793321708618
"1930","W43",1.42950383336287,103.772060881927
"1931","W44",1.42798985503243,103.772263918459
"1932","W45",1.42798140432516,103.775161840127
"1933","W46",1.42665709860261,103.773675537477
"1934","W47",1.44935775659056,103.799413044853
"1935","W48",1.44316789941201,103.789026046938
"1936","W49",1.44290768135822,103.792028211478
"1937","W5",1.44075409726083,103.778194251994
"1938","W5M",1.44163940382,103.778753449431
"1939","W50",1.44292561849275,103.793694754772
"1940","W505",1.43213756048175,103.791604594903
"1941","W509",1.43328519334465,103.789301982868
"1942","W51",1.44228997502428,103.792635310824
"1943","W516",1.43416734934326,103.79077629023
"1944","W517",1.43414458310892,103.791519251394
"1945","W519",1.43457083734895,103.792345356016
"1946","W52",1.44139837206645,103.789486535974
"1947","W521",1.43393802511339,103.793613401042
"1948","W523",1.43292954810865,103.793903624806
"1949","W525",1.43258526890827,103.792938081494
"1950","W527",1.43197059240799,103.792556209657
"1951","W53",1.4444941527407,103.791433316799
"1952","W536",1.43113915337607,103.791523601158
"1953","W54",1.43941887883024,103.789075079434
"1954","W546",1.42974789432671,103.793409116052
"1955","W549",1.4323004696114,103.794934493561
"1956","W55",1.43980480287084,103.794529136172
"1957","W554",1.43254056874261,103.796221882812
"1958","W56",1.43815995260951,103.791467354577
"1959","W57",1.43678213479688,103.789450846543
"1960","W570",1.43090381012399,103.790031562115
"1961","W574",1.43058908570535,103.798443591821
"1962","W578",1.43136379399137,103.796691751178
"1963","W579",1.43104284628881,103.795534460419
"1964","W58",1.43605016190738,103.792252439175
"1965","W586",1.42917638316183,103.794700111643
"1966","W588",1.42821604929881,103.794695520602
"1967","W59",1.43632415131671,103.79460976303
"1968","W6",1.44210247357219,103.777953963324
"1969","W60",1.43510793014819,103.793072290068
"1970","W61",1.43321670181888,103.783947164164
"1971","W62",1.43285302762767,103.785052731086
"1972","W63",1.43285276394902,103.786412560914
"1973","W64",1.43798429737476,103.797100418159
"1974","W65",1.44113662284591,103.795979448976
"1975","W66",1.44109603937717,103.797997593406
"1976","W67",1.44150221813373,103.799065423016
"1977","W676",1.43976226078196,103.800732520636
"1978","W68",1.4414225381608,103.800522166794
"1979","W69",1.4447277856227,103.799803321204
"1980","W691",1.4406453613699,103.806252285789
"1981","W693",1.43809240314272,103.803700345505
"1982","W694",1.43804226577696,103.80501825982
"1983","W7",1.44313612428987,103.777608294417
"1984","W70",1.44451122279255,103.796809140252
"1985","W71",1.4431865217488,103.798988485898
"1986","W717",1.44092849348229,103.798648382666
"1987","W72",1.44262593578408,103.801916041393
"1988","W73",1.44331088326137,103.803769690309
"1989","W74",1.44321559797015,103.796353530284
"1990","W75",1.44330460166716,103.795578991049
"1991","W76",1.44491812645675,103.79510174281
"1992","W77",1.44606060623527,103.793898461441
"1993","W78",1.44659302946083,103.796026209299
"1994","W780",1.44823518500317,103.80110119715
"1995","W782",1.44820517785038,103.803571681533
"1996","W783",1.44781884183436,103.804121132022
"1997","W785",1.44706670015035,103.80499561677
"1998","W79",1.44773111073719,103.798480758915
"1999","W8M",1.44018256719372,103.776347628619
"2000","W80",1.44816656447766,103.800342324831
"2001","W81",1.44598033445771,103.800040897897
"2002","W82",1.44451438007695,103.801607108654
"2003","W83",1.43610901809888,103.797157639717
"2004","W84",1.43483542073341,103.795915989295
"2005","W85",1.43409757803552,103.7991013604
"2006","W86",1.43736183702301,103.801149557163
"2007","W87",1.43853971490302,103.800230931571
"2008","W88",1.43722094386654,103.79871604274
"2009","W887",1.43757371475228,103.794703258874
"2010","W889",1.43801245617434,103.793620569801
"2011","W89",1.43584277989254,103.798554331589
"2012","W90",1.43410604252258,103.800114279597
"2013","W91",1.43510594557269,103.801164504502
"2014","W92",1.43626063141348,103.802055279631
"2015","W93",1.43778289887642,103.802591624688
"2016","W94",1.44025155735181,103.801345107114
"2017","W95",1.44417295541564,103.801780568992
"2018","W96",1.43889105052846,103.797917666645
"2019","W97",1.43948495259748,103.799286580754
"2020","W98",1.43959742170941,103.803503297932
"2021","W99",1.44076232029864,103.805530270409
"2022","YHS",1.28650062476078,103.837886726562
"2023","Y1",1.43084454255839,103.828035738585
"2024","Y10",1.42384275765004,103.833282275399
"2025","Y11",1.42577546121802,103.829954511095
"2026","Y12",1.43679674273868,103.832471548396
"2027","Y13",1.43121489565978,103.837864919105
"2028","Y14",1.43267363960231,103.835661224564
"2029","Y14A",1.43453874354517,103.835531984219
"2030","Y15",1.43464815368302,103.836814323532
"2031","Y16",1.43306208670149,103.839438288842
"2032","Y16A",1.43375329994825,103.839145117853
"2033","Y17",1.43506344390225,103.841161068349
"2034","Y18",1.43574736775592,103.839511882843
"2035","Y19",1.43776038348644,103.838157529312
"2036","Y2",1.43216655428421,103.828058889625
"2037","Y20",1.43626205593008,103.837855836139
"2038","Y21",1.43690200401042,103.837155174273
"2039","Y21A",1.4370634430292,103.834620998969
"2040","Y21M",1.4353598620997,103.834854009184
"2041","Y22",1.44167580424393,103.83389994689
"2042","Y23",1.42159341623377,103.832079559448
"2043","Y24",1.41908889380755,103.833317578372
"2044","Y25",1.41669406192028,103.831008503457
"2045","Y25M",1.41771289497017,103.832653046118
"2046","Y26",1.4128628780398,103.833837477283
"2047","Y27",1.41420970932528,103.833623483534
"2048","Y28",1.41562821855449,103.834008086438
"2049","Y28M",1.41544528458703,103.834371468936
"2050","Y29",1.41720322419111,103.834535410866
"2051","Y3",1.43471142219389,103.828886521341
"2052","Y3M",1.43354468208133,103.827469816348
"2053","Y30",1.41645817345156,103.835230949964
"2054","Y30M",1.41655760235146,103.83575142663
"2055","Y31",1.41666436849626,103.836740850423
"2056","Y32",1.41748547950358,103.838599330168
"2057","Y33",1.42222970633382,103.83610980649
"2058","Y34",1.42081820042036,103.836175664241
"2059","Y34A",1.41926926937356,103.836065605851
"2060","Y35",1.41969445917178,103.83847393613
"2061","Y36",1.42130383905766,103.837989684201
"2062","Y37",1.42211168892262,103.837178253471
"2063","Y38",1.42258962035271,103.840111096943
"2064","Y39",1.42004998171817,103.840526740156
"2065","Y4",1.43475410276261,103.831540849932
"2066","Y4T",1.43244723298035,103.830209082074
"2067","Y40",1.41484769673315,103.836718182701
"2068","Y41",1.43013540670031,103.83993155851
"2069","Y41M",1.43075030873334,103.840884831441
"2070","Y43",1.42889947411052,103.84109893131
"2071","Y45",1.42712844687981,103.843159134762
"2072","Y45M",1.42750262510684,103.842629836738
"2073","Y46",1.42608525233414,103.845763791925
"2074","Y47",1.42910712911172,103.845551341254
"2075","Y48",1.42938786293558,103.847817778512
"2076","Y48M",1.42836712560183,103.847529495523
"2077","Y49",1.42606125653763,103.847815299145
"2078","Y49L",1.4239686967948,103.847264856017
"2079","Y49M",1.42439344876828,103.847508623859
"2080","Y5",1.4311145317303,103.832107583229
"2081","Y51",1.42150305214767,103.847065477365
"2082","Y51M",1.42274315056858,103.845569186953
"2083","Y52M",1.42031043773933,103.84492031076
"2084","Y53M",1.42292400010921,103.846016397529
"2085","Y54M",1.42731189350085,103.837035355376
"2086","Y56",1.42544974907435,103.836762781742
"2087","Y57",1.42399206314896,103.846447044075
"2088","Y58",1.43253924851552,103.832382505589
"2089","Y59M",1.42227374737018,103.849175929833
"2090","Y6",1.43252304235201,103.834194128217
"2091","Y60M",1.4211373154277,103.848119478812
"2092","Y61M",1.42008794650537,103.847588241365
"2093","Y62M",1.43024891305376,103.844446905077
"2094","Y63M",1.43164621281572,103.845025697925
"2095","Y64M",1.43248813244445,103.845132530667
"2096","Y65M",1.43266882113675,103.842022571324
"2097","Y66M",1.43376499764221,103.842288258465
"2098","Y67",1.43646279670293,103.840895558723
"2099","Y68L",1.41776113542077,103.843585300165
"2100","Y68M",1.41839649697849,103.844595914287
"2101","Y69M",1.41601512569282,103.844080759448
"2102","Y7",1.42730181793245,103.827450543014
"2103","Y70M",1.41485982057774,103.840351810507
"2104","Y71M",1.4165797598364,103.840908006648
"2105","Y72M",1.41478636433556,103.841247138487
"2106","Y73M",1.41913520963916,103.841562940801
"2107","Y74M",1.41962773660971,103.841690230404
"2108","Y75M",1.42017640145601,103.843083542045
"2109","Y76M",1.42166390256383,103.841769569741
"2110","Y77M",1.4284476998889,103.849943910186
"2111","Y78M",1.4247440400013,103.851804584714
"2112","Y8",1.42944491906926,103.831278070403
"2113","Y9",1.42783091351926,103.83401256587
