,car_park_no,lat,lon
1,ACB,1.30106327208749,103.85411804993099
2,ACM,1.32100429010596,103.88506094761499
3,AH1,1.3282834951093998,103.844619889146
4,AK19,1.3690912161435602,103.834984850341
5,AK31,1.3661204243173302,103.846635631616
6,AK52,1.37243863344224,103.850295697425
7,AK6,1.37483592945335,103.844853841562
8,AK83,1.3766782086821598,103.86384511310699
9,AK9,1.3835990576551398,103.84836808665399
10,AM16,1.3703498012136102,103.835718285157
11,AM18,1.36554001278626,103.844619390219
12,AM19,1.3688861979339497,103.83453102382201
13,AM20,1.3646977329371202,103.84608858611799
14,AM22,1.3645882914751202,103.847653026353
15,AM32,1.37053252446107,103.83437681554301
16,AM43,1.36861071867199,103.85730354666799
17,AM46,1.3721783233234,103.853396384416
18,AM51,1.3699150017188502,103.846698516497
19,AM64,1.3714570202946899,103.853098246057
20,AM79,1.3723282292064198,103.85132794564899
21,AM80,1.37064699017156,103.841861490483
22,AM81,1.37163924205586,103.841947812524
23,AM96,1.3640741492788202,103.850940371229
24,AR1L,1.30387671852445,103.78263177920401
25,AR1M,1.3028486840208202,103.783666774324
26,AR2L,1.30591323446221,103.781154655174
27,AR2M,1.3047388928304098,103.78167448932501
28,AR5M,1.30734352659319,103.784463330084
29,AR7L,1.3058077205618701,103.785591136571
30,AR7M,1.30477137726805,103.785192003839
31,AR9,1.30728436270956,103.78343964059601
32,AV1,1.2855825549923101,103.803215264159
33,AV1K,1.2856374920053402,103.804741042579
34,AV2,1.28491128562143,103.805837442388
35,A1,1.36671439877569,103.841712811912
36,A10,1.36863298161408,103.844524015177
37,A100,1.3779874731949402,103.842602544842
38,A11,1.36703553385711,103.838181096851
39,A12,1.36850982748189,103.838675313237
40,A13,1.36800022165129,103.83680961188601
41,A15,1.36696761050684,103.84041745597
42,A2,1.3662370557741201,103.8430463972
43,A20,1.36494338064154,103.848457091822
44,A21,1.3681275586189101,103.84631322417101
45,A23,1.3673354664536101,103.848913340117
46,A24,1.3647534118811002,103.84939765277399
47,A25,1.3627693074285099,103.851627489277
48,A26,1.3727702022189998,103.83544756414699
49,A27,1.37036305154677,103.83832065154101
50,A28,1.3716499282813701,103.837464288149
51,A29,1.36722625942018,103.848715596645
52,A30,1.37098974668814,103.842418972199
53,A30A,1.37021813453773,103.84275860557501
54,A31,1.37045111927825,103.843699944533
55,A31A,1.3718593403230501,103.843658166136
56,A33,1.37002101134143,103.83469194576999
57,A34,1.3683564732190299,103.851667374102
58,A35,1.36864639260533,103.854081474114
59,A36,1.36640712809735,103.85527878733
60,A37,1.3681130684869098,103.855556550702
61,A38,1.36396370580403,103.85458838271099
62,A39,1.3611510216586797,103.854072154634
63,A4,1.36569162058714,103.841192165018
64,A40,1.36235615053786,103.856982085985
65,A41,1.3649369353058,103.85693260004999
66,A42,1.36658018162896,103.857363892393
67,A43,1.36599673554933,103.859267271977
68,A44,1.3672057432732299,103.85899050852899
69,A45,1.37091769306746,103.85523049601
70,A47,1.3705581670513303,103.859246608911
71,A48,1.3703712814578102,103.85465226093001
72,A49,1.3713296059549298,103.857797087664
73,A50,1.37252246424224,103.85760956795299
74,A51,1.36947073929344,103.834375345023
75,A52,1.3703854326512501,103.846922547118
76,A52L,1.36928063398219,103.84613433583999
77,A53,1.37086502270011,103.84687730858299
78,A54,1.3724343595097699,103.845915354586
79,A55,1.3736385362921202,103.846666862503
80,A56,1.3726986757337098,103.847146218183
81,A57,1.37201961047575,103.84696416467101
82,A58,1.37234700755733,103.847724114309
83,A59,1.37389622141273,103.85813978410101
84,A60,1.37446449543798,103.85591341875099
85,A61,1.37417044612362,103.852160015472
86,A63,1.37521713052952,103.84939908200701
87,A64,1.37053486870123,103.853461797452
88,A65,1.3710291589601102,103.85941720762501
89,A66,1.38054493090841,103.835660622978
90,A67,1.3796863244461297,103.837804889389
91,A68,1.3818976185660201,103.839854214827
92,A69,1.3816414579421699,103.841945435749
93,A7,1.36839248702169,103.841301754389
94,A70,1.38062064114195,103.84010720676399
95,A71,1.38000909369531,103.840741896718
96,A72,1.3807609626573403,103.843530338174
97,A73,1.3788481891377802,103.84082469669599
98,A74,1.37865168028373,103.843804663727
99,A75,1.3762021780623401,103.838684557747
100,A76,1.3779771118917001,103.838834804976
101,A77,1.37635314935273,103.839978570299
102,A78,1.37469471114539,103.838386790934
103,A8,1.36875607099323,103.843307711467
104,A81,1.37435555252556,103.836478794681
105,A82,1.3756749223948201,103.836398652723
106,A83,1.37430755963649,103.86069654091101
107,A85,1.36510737794777,103.84970936855999
108,A86,1.36188489083075,103.85652048735001
109,A87,1.36682635874641,103.85788423737301
110,A88,1.3662807156719199,103.84726652679001
111,A89,1.37045918304517,103.83936784590799
112,A9,1.36807436997813,103.844392197806
113,A90,1.3820006892151102,103.84124722457099
114,A94,1.37185982688331,103.83831596140101
115,A95,1.36751862800778,103.847803809281
116,A98,1.36916431059637,103.831854209648
117,A99,1.37698525725514,103.837213891969
118,BA1,1.33365267993549,103.870798394275
119,BBB,1.29658002772561,103.85366320640101
120,BBM1,1.3464366536863799,103.745382274251
121,BBM2,1.35086707070928,103.749882248379
122,BBM3,1.3445062832256498,103.75991777083999
123,BBM4,1.3455506982843102,103.760178963792
124,BBM5,1.3432428850770302,103.757933611524
125,BBM6,1.34285965211476,103.75505234517999
126,BBM7,1.34735532825893,103.74369552195999
127,BBM8,1.3499692848448,103.748510520704
128,BBM9,1.36583063528229,103.751771828672
129,BE10,1.34774103683307,103.853295407985
130,BE11,1.3497794554538198,103.85304135503799
131,BE12,1.3500135843193604,103.85096301847601
132,BE13,1.34488554091771,103.85152763920901
133,BE14,1.3470591230008602,103.855431690197
134,BE15,1.3451627584912198,103.854838248039
135,BE16,1.36429947706046,103.835060941426
136,BE17,1.36300774829777,103.84767846445101
137,BE18,1.35835109065196,103.83108616866899
138,BE19,1.3488553698228,103.84820175969999
139,BE20,1.34889150352476,103.84866481348301
140,BE21,1.3486246747246498,103.849040518762
141,BE22,1.34943659364674,103.849654953116
142,BE23,1.35009590712064,103.849762913569
143,BE24,1.35533230982928,103.847482841106
144,BE25,1.3551543675245699,103.84830892492701
145,BE26,1.3558952354526201,103.848456699419
146,BE27,1.35665621354662,103.848631146247
147,BE28,1.35792578374441,103.848050392203
148,BE29,1.35745270034741,103.845900851146
149,BE3,1.3623638203324198,103.834406565389
150,BE3R,1.36316580994124,103.835441888473
151,BE3T,1.36111902118749,103.83157685384899
152,BE30,1.3574639721486699,103.846445329934
153,BE31,1.35886686380925,103.846095243495
154,BE32,1.3591710155830499,103.84667247515101
155,BE33,1.36017070046769,103.844820061908
156,BE34,1.3609610362378002,103.84362160813
157,BE35,1.3614206825630502,103.84308446006901
158,BE36,1.3574951697204798,103.844535382735
159,BE37,1.3580079412271202,103.84442083770399
160,BE38,1.3588986300125803,103.844566487678
161,BE39,1.35919640181431,103.841971337628
162,BE4,1.34649553739341,103.84837778261499
163,BE40,1.35731117764231,103.84264015136299
164,BE42,1.3555617806229,103.844548146946
165,BE44,1.3578308220309498,103.83163014388
166,BE45,1.3563083436627201,103.84367379958599
167,BE5,1.34617737632749,103.85096106346901
168,BE6,1.3447482141025902,103.85188334257299
169,BE7,1.34500469914902,103.853022890772
170,BE8,1.3444363922391,103.855314807845
171,BE9,1.34717026150898,103.85618277394899
172,BH1,1.3249913646328701,103.84245992582501
173,BH2,1.3260459729073202,103.84276130300199
174,BJMP,1.3777664235348202,103.77351523338498
175,BJ1,1.37395668012412,103.769323020166
176,BJ10,1.37893928663085,103.770655166769
177,BJ11,1.38076368711014,103.771879943564
178,BJ12,1.3802532628105801,103.774488589084
179,BJ13,1.3770036224850901,103.77477880177601
180,BJ14,1.37898693779582,103.77352906342199
181,BJ15,1.3774944817505,103.77378188713301
182,BJ16,1.37750651657188,103.77362031087601
183,BJ17,1.3812502325627398,103.768945728134
184,BJ18,1.38096996999807,103.768111526577
185,BJ19,1.38403375882411,103.768383898129
186,BJ2,1.37613503075381,103.76666134027599
187,BJ20,1.3860579471811598,103.76978167933399
188,BJ21,1.3859447799989,103.77067200119
189,BJ22,1.37829370797878,103.77350310387199
190,BJ23,1.37763455117533,103.772951089319
191,BJ24,1.3832674838228798,103.770468267524
192,BJ25,1.38489913010468,103.771725184279
193,BJ26,1.38380907430643,103.772699379228
194,BJ27,1.38264053838856,103.77095043939
195,BJ28,1.3789248341926899,103.76554600407302
196,BJ29,1.38493809213445,103.76768309161
197,BJ3,1.3773101941380101,103.769377342964
198,BJ30,1.38702928241063,103.768979329077
199,BJ31,1.3878981508664099,103.767518424098
200,BJ32,1.3865574157493201,103.766847641789
201,BJ33,1.3791195021651201,103.772011127144
202,BJ34,1.3877960599015802,103.766490138214
203,BJ35,1.3870243325743703,103.76587216140499
204,BJ36,1.38626289163156,103.765295875923
205,BJ37,1.38537581014166,103.76466066314
206,BJ38,1.3851366908698401,103.763426646495
207,BJ39,1.38423179772351,103.7628600693
208,BJ4,1.3755313767853998,103.77225793527501
209,BJ40,1.38282578775268,103.762901649193
210,BJ41,1.37551205005209,103.765454483908
211,BJ42,1.37692127795757,103.764286444662
212,BJ43,1.3817204459821697,103.761677612649
213,BJ44,1.3806489411159302,103.76498679347901
214,BJ45,1.37868796139644,103.765008780912
215,BJ48,1.3871857898272901,103.76460302573601
216,BJ49,1.38489746000688,103.76148675340299
217,BJ5,1.3749915531813601,103.773077223617
218,BJ50,1.3881839976986101,103.773688922649
219,BJ51,1.3793984087079099,103.763464273128
220,BJ52,1.3791133613234299,103.762637905945
221,BJ53,1.38980280764188,103.77193206988501
222,BJ54,1.38904780940247,103.77350010545901
223,BJ55,1.3862829447414398,103.760776951789
224,BJ56,1.38589121604701,103.758949835054
225,BJ57,1.38525120284571,103.760170448377
226,BJ58,1.38752442976843,103.771272617577
227,BJ59,1.3898650835437802,103.77126415842301
228,BJ6,1.374171406401,103.77440629701
229,BJ60,1.38829141013945,103.769499855737
230,BJ61,1.3889973185441598,103.76783128358801
231,BJ62,1.3842686253745702,103.771396322017
232,BJ63,1.38131551055787,103.77029114340598
233,BJ65,1.3847041571560201,103.758761377061
234,BJ66,1.38624857618507,103.757702613356
235,BJ67,1.38734995596946,103.757982903601
236,BJ68,1.38538172522755,103.76997021493
237,BJ8,1.3746997308259699,103.773595837088
238,BKE1,1.30781893058318,103.851596339235
239,BKE2,1.31412809694969,103.855479963784
240,BKE3,1.31441522983594,103.85580084662901
241,BKE4,1.3144503701412,103.856840971673
242,BKE7,1.31261295749072,103.855321953109
243,BKE9,1.3073372126476699,103.85146379729099
244,BKRM,1.31727630326976,103.861368095199
245,BLM,1.31550644016375,103.860958732701
246,BL10,1.3437618406573502,103.71142513794399
247,BL13,1.3446925875203701,103.715035197633
248,BL15,1.34597151975416,103.707562203036
249,BL17,1.34787124144777,103.707740695355
250,BL18,1.34654955571257,103.71442382780701
251,BL19,1.34877728099847,103.71334566358101
252,BL20,1.34809825437211,103.708175276842
253,BL21,1.3492568430818896,103.709373754653
254,BL22,1.3425435059718898,103.713749878244
255,BL23,1.34956058852667,103.711579812048
256,BL3,1.34687470761309,103.70923455522801
257,BL8,1.34542513353749,103.71339091636801
258,BL8L,1.34622458631134,103.712063805359
259,BL9,1.3458708704867601,103.71071997503
260,BMVM,1.28462628946923,103.823129189598
261,BM1,1.28630269584033,103.809571477145
262,BM10,1.28809599904796,103.81406981706999
263,BM12,1.28767203206825,103.813274872378
264,BM13,1.28689820439679,103.812191806644
265,BM14,1.28904073661503,103.80884793933001
266,BM19,1.28571244802543,103.818702648533
267,BM2,1.2868507679835,103.80995307226101
268,BM20,1.28524729551706,103.818760208046
269,BM21,1.2851962650167,103.818008882618
270,BM25,1.28573294165551,103.81676117221701
271,BM26,1.2872915425842801,103.807426768732
272,BM27,1.28405956989944,103.81478295782401
273,BM28,1.2839993312076001,103.81582316670999
274,BM29,1.2836347060925102,103.8170992126
275,BM3,1.28770776626902,103.811527769469
276,BM30,1.2832343332565201,103.816733442325
277,BM31,1.28244913006554,103.816575026007
278,BM33,1.28274787270933,103.818651052416
279,BM34,1.28502532873147,103.816643436628
280,BM35,1.28438744789989,103.817976425901
281,BM36,1.2828058215177902,103.817857997121
282,BM4,1.28766728424873,103.80895514474001
283,BM5,1.2884315560634199,103.80761950142201
284,BM6,1.28953339055007,103.813764499017
285,BM9,1.2890979985728501,103.814358018406
286,BP1,1.27279494600191,103.824870046386
287,BP2,1.27409169127108,103.82700432828199
288,BRBL,1.30659689422405,103.85070749100299
289,BRB1,1.30606674923535,103.850585978632
290,BRM,1.32074720245893,103.86617287009001
291,BRM1,1.32648548770427,103.856728963114
292,BRM2,1.3259740602921002,103.857683891406
293,BRM3,1.32152779537526,103.854656300793
294,BRM4,1.32273032442989,103.856074033682
295,BRM5,1.3275438277706202,103.85948585590201
296,BRM6,1.32778311379668,103.861193389366
297,BRM7,1.3243738973722399,103.855402032964
298,BR10,1.3230185394991698,103.854504305275
299,BR11,1.32626183868431,103.858964377234
300,BR12,1.32721507960026,103.857718270558
301,BR14,1.32595565072479,103.8599834783
302,BR18,1.3262698248738702,103.855749742647
303,BR21,1.3272593623162,103.856640716141
304,BR22,1.32834641915005,103.85759288738599
305,BR4,1.3235772596397801,103.85542137806401
306,BR5,1.32490897064426,103.858190639299
307,BR6,1.32303882528804,103.85353576307101
308,BR8,1.32516001102033,103.85455834180901
309,BR9,1.31896256962333,103.850743087122
310,BTM,1.2867839238665,103.833289747836
311,BTM2,1.2869630821940399,103.829641012372
312,BTM3,1.2863112198549298,103.82869825504999
313,BVM2,1.2834928028879098,103.823375662497
314,BWM,1.2869280256342501,103.806701385292
315,B10,1.32902833089494,103.93370774409
316,B11,1.32834200532456,103.930396179923
317,B12,1.32759836868302,103.927878519613
318,B13,1.32965321685371,103.929763771966
319,B14,1.32915909292624,103.93144509494499
320,B16,1.3235011178756202,103.940559491924
321,B17,1.32421773800636,103.941857161266
322,B18,1.3230008996571698,103.94289655014099
323,B19,1.3219245460051499,103.940960967934
324,B20,1.31979971448027,103.943420377089
325,B21,1.3281779629096102,103.94104648719102
326,B23M,1.33068775788362,103.94064337056801
327,B24,1.33264716030701,103.938294622262
328,B24A,1.33126310322328,103.93961602851
329,B25,1.3329691187716999,103.94049034285
330,B26,1.3343079867729,103.94034058725501
331,B27,1.33411774698927,103.93803813520901
332,B28,1.33254478953244,103.935571078293
333,B30,1.32994283465695,103.938753433675
334,B31,1.32850123419672,103.93885019978501
335,B32,1.32741066945513,103.936757479504
336,B33,1.32724085840242,103.935800164562
337,B34,1.32831229435955,103.935673430839
338,B35,1.3290580972039898,103.935176202663
339,B40,1.33254994763877,103.93277014516501
340,B41,1.33255491802081,103.93149286604601
341,B42,1.3324517913824199,103.930821156824
342,B43,1.33110518654351,103.927603397773
343,B44,1.33397125144351,103.92750877467199
344,B44A,1.3344153931770502,103.929854128085
345,B44B,1.33230140493968,103.92291100535601
346,B45,1.3316799840248998,103.925428998801
347,B46,1.33132122440174,103.924181951894
348,B47,1.3308959153267599,103.922247839024
349,B48,1.33009592773121,103.923421228438
350,B49,1.3321857665418402,103.926668207172
351,B50,1.3304470907251102,103.91306656126899
352,B50A,1.33151257757753,103.912735169613
353,B50B,1.33163708215433,103.911952506619
354,B51,1.33214650008818,103.916396242413
355,B52,1.33390918003002,103.91789418746
356,B53,1.33425148909204,103.915177235275
357,B54,1.33336374406705,103.915203736712
358,B57,1.33584339449304,103.919019270987
359,B59,1.33745918527548,103.925953420397
360,B6,1.32633049648282,103.930339539373
361,B6M,1.32517329587692,103.930886746172
362,B6T,1.32371670117556,103.93256356632601
363,B60,1.33719422176863,103.929056697019
364,B63,1.33815372697679,103.922616463344
365,B65,1.3200329104339,103.945659287523
366,B66,1.33054815487274,103.90433956320601
367,B67,1.3320157720861399,103.906394759454
368,B68,1.3225048596873998,103.936922029979
369,B69,1.33342618363755,103.941970736194
370,B7,1.32513123973324,103.93192173162599
371,B7A,1.32713169234542,103.93403695950899
372,B7B,1.32652150175342,103.934840004069
373,B70,1.3262898453461398,103.92799551906201
374,B71,1.32429388910779,103.92430036898199
375,B72,1.3343770595975402,103.907389773807
376,B73,1.33249226785226,103.906967246152
377,B74,1.3328468531231101,103.90905526271901
378,B75,1.3330381024959501,103.917526157776
379,B76,1.3358995643003402,103.934418957404
380,B77,1.33569101231796,103.936333675463
381,B78,1.3356088847994099,103.938383759657
382,B79,1.33677615545002,103.937406609969
383,B8,1.3258814963794499,103.92827623307699
384,B80,1.33826830415619,103.923360600804
385,B81,1.32321112398477,103.93494255225299
386,B82,1.33386404129158,103.930414877334
387,B83,1.3264690135495099,103.922271294732
388,B84,1.32622610951431,103.934204757316
389,B85,1.3260802458198,103.941357842004
390,B86,1.33072026322774,103.935569332707
391,B87,1.3205406737790801,103.936197348202
392,B88,1.3222509321168798,103.93832402478701
393,B89,1.33095917888919,103.937265461444
394,B9,1.33017270858265,103.93381517924401
395,B90,1.3225206224681,103.939648815533
396,B91,1.33279732392796,103.914252333368
397,B92,1.32169739418449,103.933935095136
398,B93,1.32042179086897,103.93417561555701
399,B94,1.33226016581532,103.929357438698
400,B94A,1.33130362773806,103.92917918947799
401,B95,1.32551298026985,103.935082729463
402,B96,1.32496629034656,103.93295160832399
403,B97,1.3361557898964,103.923508078556
404,B98,1.33607941949204,103.92191686099001
405,B99M,1.32748807507333,103.92276134393299
406,CAM,1.30182105743131,103.798205658094
407,CCKC,1.3850753626994698,103.74574719529
408,CCM,1.30366087884525,103.799797326245
409,CC1,1.32662127065844,103.92291142962799
410,CC10,1.32868573161472,103.925576815854
411,CC11,1.32909586074477,103.921634031442
412,CC12,1.32676609356985,103.924925546873
413,CC4,1.3257615382427799,103.921387530793
414,CC5,1.3248224611391,103.923400674582
415,CC6,1.3235138140220302,103.923564612241
416,CC7,1.32524620545283,103.92568734971901
417,CC8,1.32689548824242,103.91944117263701
418,CC9,1.32772011619967,103.925995094557
419,CDM,1.3016364093624098,103.796791387904
420,CKM1,1.3835963556122899,103.740824780821
421,CKM2,1.39838483781004,103.74674494946998
422,CKM3,1.3811874180931398,103.73664153064199
423,CKM4,1.37863794561537,103.737929659825
424,CKM5,1.3793103007570002,103.735695743772
425,CKM6,1.37753541473403,103.73574760435899
426,CKM7,1.3759735599231597,103.73707093729999
427,CKM8,1.3750499752188101,103.73836209062
428,CKM9,1.37736519160234,103.743296588946
429,CKT1,1.38031508592098,103.73858438589501
430,CK1,1.3774743473121398,103.753966519044
431,CK10,1.38050475322052,103.745434865984
432,CK11,1.3787338234756599,103.741868946579
433,CK12,1.38128611662468,103.74181570834499
434,CK13,1.38291672354162,103.74204059676599
435,CK14,1.38014102336009,103.742528739317
436,CK15,1.3784262097063202,103.74091199128
437,CK16,1.3796289105733501,103.739221072542
438,CK17,1.3820730449414,103.740691022393
439,CK18,1.3809984226086798,103.750623144067
440,CK19,1.38048281912978,103.751330647374
441,CK2,1.3792527806804902,103.751371651842
442,CK20,1.38338296474863,103.740133654296
443,CK21,1.38453064663447,103.743820118314
444,CK22,1.38384387700935,103.745942967992
445,CK23,1.38414435119935,103.741506854054
446,CK24,1.3833261630120701,103.743309854137
447,CK25,1.3822899983079198,103.74374379564699
448,CK26,1.38462379016476,103.742955840427
449,CK28,1.3800848001568002,103.744171692474
450,CK29,1.3797457123370502,103.74411077646099
451,CK3,1.3786059243998,103.7500624787
452,CK3A,1.3794925303032601,103.74998034167601
453,CK30,1.37902887669667,103.74538107498002
454,CK31,1.37875023314904,103.74493840789499
455,CK32,1.37739477503584,103.743962690334
456,CK33,1.38869768587925,103.742951354776
457,CK34,1.38857724580347,103.741097048423
458,CK35,1.39032696938279,103.742397276147
459,CK36,1.39228590223088,103.74108732654
460,CK37,1.39405299528609,103.74222984775601
461,CK38,1.39301793839083,103.744825813665
462,CK39,1.39614725324911,103.744277802494
463,CK4,1.38014370343272,103.751662437412
464,CK4A,1.3811651758839598,103.752200460392
465,CK40,1.39538076213543,103.74614735348601
466,CK41,1.3909574199697599,103.74645700945601
467,CK42,1.39276904206261,103.746730358862
468,CK44,1.39258883506481,103.749136737306
469,CK45,1.3945179409748198,103.749966835991
470,CK46,1.39526631034354,103.749532106803
471,CK47,1.39523945037119,103.74769942278299
472,CK48,1.39737452229979,103.745221833723
473,CK49,1.3987447297790603,103.74353497964898
474,CK5,1.38017962306698,103.752720024643
475,CK50,1.40041195690394,103.743784940046
476,CK51,1.3996421892720698,103.747581316543
477,CK52,1.4006590301287298,103.750236357297
478,CK53,1.40155438849801,103.750186309811
479,CK54,1.39813684066122,103.74911670029499
480,CK55,1.3971123380651,103.748508995926
481,CK56,1.4011960465890199,103.74667071340599
482,CK57,1.40223935360943,103.74832374073999
483,CK58,1.40188001041078,103.744879077826
484,CK59,1.37681191740049,103.74203813468701
485,CK6,1.38073269776225,103.75310558123002
486,CK6A,1.3810353919401899,103.75313692681
487,CK60,1.40429443397874,103.745873826471
488,CK61,1.4040894198609901,103.74891756586399
489,CK62,1.4038394863248402,103.749889943228
490,CK63,1.40286350152128,103.750884316164
491,CK64,1.3997628341389798,103.75130299875
492,CK65,1.3920194608918202,103.744035897855
493,CK66,1.39397131390054,103.74553623187599
494,CK7,1.38028225945617,103.751960499351
495,CK70,1.3769332572770199,103.738146490105
496,CK71,1.37668780291728,103.738680846275
497,CK72,1.37555881252417,103.740930494573
498,CK73,1.3752829189296898,103.74341279299801
499,CK74,1.37329719134091,103.743238498751
500,CK75,1.3749824413018603,103.744534225576
501,CK76,1.37404045168071,103.746206737981
502,CK77,1.3765572316417802,103.746713680249
503,CK78,1.3769877482261201,103.749399425536
504,CK8,1.3820860793135699,103.747105661127
505,CK8A,1.38121860673947,103.748978599287
506,CK9,1.38149597378861,103.744917810056
507,CK9A,1.37998858619266,103.74750330142
508,CLM,1.29248301199208,103.81440063004601
509,CLRG,1.31904941179272,103.76398569522
510,CLTR,1.3193599995859098,103.765132832866
511,CM1,1.27445807410158,103.83921657284
512,CR1,1.30327083630095,103.863307722528
513,CR1A,1.3036983570832201,103.864958513285
514,CR1B,1.30403607430399,103.865358707559
515,CR2,1.3046835403578898,103.86565822017201
516,CR29,1.30578378262145,103.85679325982001
517,CR3,1.30506865379077,103.86432479530701
518,CR30,1.30760017872999,103.854941024047
519,CR31,1.30624974548364,103.85469819361299
520,CR4,1.3043520307210301,103.863437208667
521,CR5,1.30323592683919,103.86223821601
522,CR6,1.30552432796977,103.86335272056299
523,CR7,1.3055058809528999,103.86233932843099
524,CSM,1.28743807416102,103.841165206315
525,CTM1,1.31474466503457,103.76407292318399
526,CVBK,1.31651643285494,103.86102759796302
527,CV1,1.3883291628279901,103.98817800327299
528,CV2,1.3899024827667799,103.987988947651
529,CV3,1.3899831182202,103.98648685774599
530,CV4,1.39017109967947,103.98845411052099
531,CY,1.30062602811305,103.853664871383
532,C10,1.3184632073228202,103.768962945216
533,C11,1.31589498981238,103.766141636674
534,C12,1.32178984437935,103.766106072935
535,C13M,1.32056337141105,103.766179840158
536,C14M,1.31739237532048,103.765185460601
537,C15M,1.31622257281508,103.763933111165
538,C16,1.31431392669284,103.762481571671
539,C17,1.31385772949926,103.763896569583
540,C18,1.31227166290931,103.76337442086901
541,C18A,1.31175608147154,103.764186978243
542,C20,1.3133478208276699,103.76526174661899
543,C20M,1.3115042554415302,103.76565077719499
544,C21L,1.31101493967165,103.76704166044901
545,C21M,1.3116611944348102,103.766526732001
546,C22M,1.32174637069336,103.77021551085
547,C24,1.32419762068627,103.771286676964
548,C25,1.3223927232164598,103.769055517241
549,C26,1.3225877610866101,103.769929065203
550,C27,1.32224226281682,103.77051277091
551,C28,1.32115797956657,103.763334786019
552,C28M,1.32236174407854,103.762071450679
553,C29,1.3126146115238,103.759231789666
554,C29A,1.3113609355931202,103.759184898969
555,C3M,1.3098135876330501,103.770131034559
556,C3ML,1.3103927402801,103.769092308277
557,C30,1.31145809738229,103.761421070253
558,C31,1.3105631944603602,103.760599082471
559,C32,1.3086255588801001,103.759081213337
560,C33,1.3045594379669698,103.76685761800199
561,C34,1.30701031530639,103.760936270154
562,C35,1.30561230241375,103.761439225623
563,C36,1.3053096745211699,103.763557421214
564,C37,1.30353831712631,103.76397169773001
565,C38,1.30280666781867,103.76252679036
566,C39,1.31029120826452,103.76223990537301
567,C4M,1.31148010869757,103.770502512952
568,C41,1.3000109188800302,103.76860330527799
569,C5,1.31310265905251,103.76957394864701
570,C6,1.3144881139131102,103.767691165502
571,C7,1.3148838722798,103.77075500850201
572,C8,1.31667465678636,103.768631103456
573,C9,1.3176492492395,103.77031234940901
574,DRM1,1.28051315604576,103.81154349195499
575,DRM2,1.28129937570063,103.80785308038999
576,DRM3,1.28083837699378,103.809867913107
577,DRM4,1.28087065205458,103.81236594973801
578,DRM5,1.28133188255593,103.809477383169
579,DRS,1.2804697558033,103.8129928199
580,DUXM,1.27697738131728,103.841054070432
581,DWST,1.2952162407141101,103.811970727741
582,DWSV,1.2953067953956598,103.809616856263
583,ECM,1.3200299878552901,103.901627136971
584,EC2,1.32261572825632,103.904442125182
585,EC3,1.3211567341184198,103.904475815315
586,EC4,1.3205164562707,103.902692444354
587,EC5,1.32203348873018,103.902665151571
588,EC7,1.31778370321915,103.90162574678301
589,EC7T,1.3185196743293002,103.90183408599
590,EC8,1.31922686482178,103.90320810512699
591,EI1,1.32343287474506,103.896847001955
592,EI3,1.31884646728076,103.898379671788
593,EPL,1.27716355346546,103.83991265403999
594,EPM,1.27618443608274,103.838908227729
595,FRM,1.30875863304829,103.861364662207
596,FR2C,1.3182783907026898,103.807712564483
597,FR2S,1.31792069722508,103.80718387313401
598,FR3M,1.3166948314211,103.806210586409
599,FR4M,1.3168757266186202,103.807534491411
600,GBM,1.3227723905559798,103.868633675666
601,GEM,1.3200368136063,103.88760266728201
602,GEML,1.31993774229849,103.88784979291201
603,GE1A,1.31988748882181,103.883437784259
604,GE1B,1.32120544280365,103.88699247955999
605,GE1C,1.31975878966894,103.88629912428101
606,GE1D,1.3218540182482401,103.88916338168
607,GE1E,1.31972148152584,103.88442796153299
608,GE1F,1.31920994810454,103.88423564310499
609,GE1G,1.32096240876741,103.88630883704501
610,GE2,1.31794542178385,103.88483940328301
611,GE3,1.3175009923126002,103.88736326896601
612,GE5,1.31654978026759,103.88756528216999
613,GMLM,1.30872831200927,103.785820620833
614,GM1A,1.31255463307581,103.78694559248699
615,GM1B,1.31285321418841,103.78826007654101
616,GM1M,1.30935443236551,103.78436887624201
617,GM2,1.31160140288265,103.78816007877899
618,GM2A,1.3108710407309698,103.78726431710501
619,GM3,1.31115590464674,103.788853078971
620,GM5,1.31038185297431,103.788510835534
621,GM6A,1.30949253371727,103.788722863762
622,GM6B,1.3096110710678999,103.78765231793001
623,GSM,1.31720671424654,103.89834009661399
624,GSML,1.3170312275382199,103.89848850385401
625,HCM,1.2890460476816001,103.821559940018
626,HDBH,1.3322044726378601,103.848319188656
627,HE1,1.28922214285323,103.82235539347401
628,HE12,1.28821002313219,103.818650624062
629,HE14,1.2857143895971899,103.822252479825
630,HE17,1.28642306098842,103.820388834268
631,HE19,1.29054061910106,103.82098507674499
632,HE22,1.29002077327386,103.82284807113001
633,HE24,1.2846680932595802,103.820985333231
634,HE3,1.2847190033879,103.821711693549
635,HE4,1.28347091305665,103.82278285584101
636,HE9,1.2837073657315101,103.82119375671999
637,HG1,1.36215354234695,103.894187377783
638,HG1A,1.37866384738534,103.90178514726801
639,HG1B,1.3757208427288201,103.90068924136
640,HG1C,1.37738968392648,103.90367432817499
641,HG1D,1.36374338147203,103.894113266095
642,HG10,1.35454771325923,103.890483639158
643,HG11,1.36595908495262,103.89498042855301
644,HG12,1.36669512748577,103.89816102898001
645,HG13,1.36783518635272,103.89856384493
646,HG14,1.3691978333066002,103.89642766021099
647,HG15,1.35896083834094,103.88671216776501
648,HG16,1.35972645083626,103.888091510667
649,HG17,1.35767548484917,103.88795773279
650,HG18,1.35805628250075,103.888950370557
651,HG19,1.352845382743,103.883802284162
652,HG2,1.36291628162409,103.892025512286
653,HG2A,1.37637231824732,103.900720776155
654,HG2B,1.37552990726356,103.882455838508
655,HG2C,1.37010781170663,103.897227561292
656,HG2D,1.3794071424857601,103.887181760762
657,HG20,1.35028350723647,103.886427478538
658,HG22,1.3524734570238,103.880432413139
659,HG23,1.3575125780005,103.89154633409099
660,HG24,1.35979810733998,103.89169169862801
661,HG25,1.35982733896297,103.886889853111
662,HG26,1.3694965867905102,103.89885301179301
663,HG29,1.37234227117385,103.899080520091
664,HG3A,1.38542260242817,103.88078745980101
665,HG3B,1.3842997435333602,103.88162446141399
666,HG3C,1.38677652507999,103.882005516942
667,HG3D,1.3842111161564499,103.879673593934
668,HG30,1.3732591319490501,103.896965902802
669,HG31,1.3754845441163,103.89631784244301
670,HG32,1.3713790583296102,103.88606016836799
671,HG33,1.36956777171657,103.88437512420201
672,HG34,1.36994247153842,103.881503147646
673,HG35,1.3664897225969899,103.888963691121
674,HG36,1.36611854778553,103.887603859003
675,HG37,1.3730086329161,103.887370667643
676,HG38,1.37252086265299,103.889698588937
677,HG39,1.3699433998718402,103.885967780144
678,HG4,1.3642304254368,103.890983381569
679,HG40,1.3521187630291798,103.892084292931
680,HG41,1.3712761200039398,103.879350149724
681,HG42,1.3741610365120802,103.88341793993901
682,HG43,1.37211311724521,103.88430415056801
683,HG44,1.37364879043448,103.88632970593201
684,HG45,1.3759038270818,103.886129966203
685,HG46,1.3758578477105798,103.886962969499
686,HG47,1.37118408908204,103.893962180732
687,HG48,1.37542517007049,103.89409369476101
688,HG49,1.37879334341881,103.894759316379
689,HG5,1.36535531768289,103.89231084702699
690,HG50,1.37733183605952,103.891333667407
691,HG51,1.37865104841741,103.890113141272
692,HG52,1.38028262960107,103.889755601478
693,HG53,1.3708718261552,103.890703118706
694,HG54,1.3566443539408701,103.88435474309799
695,HG55,1.3726834301696598,103.893212203787
696,HG56,1.37120325144932,103.890122260121
697,HG57,1.35533709250346,103.89694633924
698,HG58,1.35711438589703,103.896721357988
699,HG59,1.3508831228027298,103.893319749443
700,HG60,1.37900437795785,103.891193802696
701,HG61,1.3796540278489098,103.88915444541901
702,HG62,1.3808269962216202,103.88855958799299
703,HG63,1.3723576650712601,103.89736447686501
704,HG64,1.3743412526148502,103.886297641285
705,HG65,1.3423065359348798,103.892828201933
706,HG66,1.34058675015747,103.89544009910699
707,HG67,1.3742926629562802,103.895817612403
708,HG68,1.36992445116982,103.891839516664
709,HG69,1.36998074238663,103.89296976984899
710,HG7,1.3536529994553799,103.887802968334
711,HG70,1.3789735671373302,103.88850841193
712,HG71,1.3777026962814998,103.886373932381
713,HG72,1.37862428319608,103.885911372643
714,HG73,1.3783044546256298,103.883551450112
715,HG74,1.35082019071605,103.888070508009
716,HG75,1.35059159422799,103.88899792755899
717,HG76,1.35181136707298,103.8794732801
718,HG77,1.37545419418646,103.884244123071
719,HG78,1.37677564618289,103.883265934398
720,HG79,1.3760480717091101,103.880491342577
721,HG80,1.3741901308817601,103.879067512978
722,HG81,1.3609273751541497,103.899312943795
723,HG82,1.36036883880328,103.902566616239
724,HG83,1.35840591288524,103.902062220692
725,HG84,1.35961466004637,103.898365798928
726,HG85,1.3602594484013901,103.89947196557699
727,HG86,1.37466140613712,103.88052803909201
728,HG87,1.3759209282630802,103.877863195679
729,HG88,1.37604282239253,103.888589744382
730,HG89,1.3778423903615702,103.894029022762
731,HG9,1.3589105329110402,103.88451989671101
732,HG9T,1.3586483875723898,103.88523865940701
733,HG90,1.37788142057996,103.877843513769
734,HG91,1.37801749594513,103.880220120928
735,HG92,1.3622672179706898,103.89007015976699
736,HG93,1.37997821320362,103.88011750262301
737,HG94,1.38156100224904,103.880647787738
738,HG95,1.3539778672243798,103.89010018427099
739,HG96,1.3526812522046203,103.88976906939101
740,HG97,1.37122213787515,103.89475741107401
741,HG98,1.37997406630443,103.87769855426501
742,HG99,1.34943469898558,103.889047925116
743,HLM,1.2847577556273702,103.845490819203
744,HRM,1.28752086522046,103.82135593247601
745,HR1,1.31146263547137,103.89754544969999
746,HR2,1.31263245735629,103.897028708757
747,HR3,1.3139801309431,103.896387655711
748,HR4,1.31469240617583,103.896001387062
749,HR5,1.31301864605194,103.895099323358
750,HVM,1.2898694822057,103.827718371206
751,H11,1.2874382910308602,103.827841536793
752,H12,1.2919937730661102,103.827409049688
753,H14,1.28851170018149,103.832465211569
754,H15,1.2901865322941002,103.83092421133301
755,H17,1.28816785759222,103.827857105147
756,H18,1.28898974053376,103.826978815376
757,H3,1.2910086868911101,103.83251535744499
758,H3BL,1.38447168477179,103.882239996313
759,H3DL,1.38507350403926,103.88012819207701
760,H4,1.28809389693211,103.82937140536801
761,H42A,1.37266350712009,103.882178293114
762,H6,1.29136966413203,103.828983586893
763,H6M,1.2912253507738898,103.827923223211
764,H8,1.2877269654910402,103.830922138015
765,H87L,1.3784968024576398,103.87859616392001
766,H93L,1.37980032644314,103.880717300743
767,JBM,1.27926297086306,103.82718857876999
768,JBM2,1.28024441131883,103.825279624205
769,JB1,1.30240182549227,103.882786584161
770,JB2,1.3016276066884098,103.88299671365
771,JB3,1.3005250402303798,103.884288413211
772,JB4,1.3034832207354399,103.883168830504
773,JCM,1.31525295135647,103.89885600323099
774,JCML,1.3151550769653102,103.89863457823601
775,JKM,1.28725684797803,103.83897315415301
776,JKS,1.28816462345907,103.839640391014
777,JMB1,1.2819348922298401,103.82701754725299
778,JMB2,1.28513514427867,103.826795600075
779,JMB3,1.28259629107526,103.825598528081
780,JMS,1.2880511267041002,103.83880528241899
781,JM1,1.3450705393275202,103.72065037678301
782,JM10,1.3389486784923101,103.697287459009
783,JM11,1.3417967899715,103.704148956379
784,JM12,1.34112097104444,103.69843639350901
785,JM13,1.33947094700527,103.699744926115
786,JM14,1.34240067437711,103.69876959219
787,JM15,1.3408888288394498,103.700082433655
788,JM16,1.33721556366032,103.702123027935
789,JM17,1.3353138254513,103.70408612809901
790,JM18,1.34299662848967,103.69952925533701
791,JM19,1.35197369206251,103.702821143712
792,JM2,1.34393554031555,103.704963603949
793,JM20,1.33537708620504,103.70095646555001
794,JM21,1.3370745667061201,103.69717792676799
795,JM22,1.3447485419675702,103.702591748158
796,JM23,1.35356268843366,103.703787405644
797,JM24,1.33528748430355,103.698059830317
798,JM25,1.34430368003993,103.700628182367
799,JM26,1.34557254720718,103.70313374298401
800,JM27,1.34630476736012,103.704584463293
801,JM28,1.33532722240945,103.695687816079
802,JM29,1.3370050641486002,103.694504539652
803,JM3,1.34458904715404,103.70606683648701
804,JM30,1.35049912635745,103.703884813889
805,JM31,1.34202665158484,103.69755932923401
806,JM32,1.3415999342718798,103.708080854042
807,JM4,1.3444418938574298,103.703912720289
808,JM5,1.33948512421211,103.70314264442601
809,JM6,1.33921385729785,103.701765028407
810,JM7,1.34248592800673,103.703006456786
811,JM8,1.34134425071934,103.701502597934
812,JM9,1.33865921209034,103.696817871457
813,JRM,1.30716701989926,103.861854174992
814,JRTM,1.2893587269753,103.81032768986401
815,JSA1,1.3484178517821201,103.72521288102101
816,J1,1.3364297229134299,103.738098265144
817,J10,1.34201668247345,103.74009365443099
818,J11,1.34291966694515,103.73993765549999
819,J12,1.3433629252763901,103.738260905311
820,J13,1.34354068739972,103.73692014627501
821,J14,1.3440938400679199,103.739079815316
822,J15,1.34404181128829,103.741417939618
823,J16,1.34440108183756,103.73564333470699
824,J17,1.3456690798460302,103.735473428565
825,J18,1.34689075672887,103.73484507216499
826,J19,1.34792579202609,103.733956631501
827,J2,1.3386077600004398,103.736771313524
828,J20,1.34620383801518,103.73247644634
829,J21,1.3490641296056298,103.72986944795
830,J21A,1.34745071822874,103.731023020816
831,J22,1.3513203519971102,103.730198503029
832,J23,1.35002832030992,103.732015898337
833,J23M,1.3490191908456102,103.732133239179
834,J24,1.34573255581259,103.73106093441
835,J25,1.3448639686521,103.73164563193501
836,J26,1.3449218597589199,103.730596824331
837,J27,1.3468873357936102,103.71666938291
838,J28,1.34757662092961,103.71649813216101
839,J29,1.3486261611752701,103.71691832636999
840,J3,1.33949483651941,103.73548477934
841,J30,1.3488140652464,103.715501961129
842,J32,1.3458066607061,103.72047490461
843,J33,1.3457744896852901,103.717879866612
844,J34,1.3470676632759198,103.720085745794
845,J35,1.3481171567409598,103.71951759408701
846,J36,1.35217192032422,103.71545644450701
847,J37,1.35129596169884,103.715801795882
848,J38,1.34911809382485,103.718585466766
849,J39,1.35015749885562,103.721347485019
850,J4,1.33753016931853,103.741902601017
851,J40,1.35002973222915,103.72287839228001
852,J41,1.34828945624444,103.722032310522
853,J42,1.3482301426246202,103.72357456416
854,J43,1.34792485443565,103.725268522775
855,J44,1.34684761063701,103.7246364978
856,J45,1.3489851813579,103.72678544658399
857,J46,1.3497541372772102,103.719058365859
858,J47,1.35025747611137,103.71802082663
859,J48,1.35217276704395,103.718479933848
860,J49,1.3534557986298201,103.718949483841
861,J49M,1.3537825819267801,103.719675980676
862,J5,1.33831447512583,103.742418174224
863,J50,1.35370720919841,103.72252094049101
864,J51,1.3535560740797,103.724629513634
865,J52,1.35143640167905,103.72459415698299
866,J53,1.3507409504176202,103.726726375989
867,J54,1.3499265714395,103.724509948021
868,J55,1.3486373146255601,103.72429089393299
869,J56,1.33489264711451,103.739311091351
870,J57,1.33397611726272,103.739119880197
871,J57L,1.33446759200437,103.739858001114
872,J58,1.3342030833182401,103.73965601749399
873,J6,1.33906810004769,103.73885142890998
874,J60L,1.3497546144769699,103.71787227953199
875,J60M,1.34937129708846,103.71789779158001
876,J61,1.3400767800039,103.688424907971
877,J62,1.34088978226791,103.68540763961398
878,J62M,1.33987302748123,103.686555370924
879,J63,1.34177926283375,103.686442787698
880,J64,1.34447334583006,103.73185235993401
881,J65,1.34277048726823,103.689295832723
882,J66,1.34129803939305,103.69112890870001
883,J67,1.34164398851553,103.69276226807101
884,J68M,1.34205592994139,103.691922476185
885,J69,1.33968739721516,103.69364065669599
886,J69M,1.34134413310842,103.693345916026
887,J7,1.34154387290369,103.73803314961201
888,J70,1.34368703547005,103.693508734471
889,J71,1.34622764756059,103.69417441758002
890,J72,1.34726728496265,103.697733794226
891,J73,1.34399538592604,103.698222085255
892,J74,1.34266458406925,103.696112293441
893,J74M,1.34284512019999,103.696853876631
894,J75M,1.3441346603817201,103.693089020344
895,J76M,1.3443044123065502,103.69452917581499
896,J77M,1.34744542350681,103.69856061913099
897,J78M,1.3415658549718301,103.695123281173
898,J79M,1.34650108353181,103.69493880629801
899,J8,1.3404301943138701,103.74157403903601
900,J8M,1.3406469795967801,103.742426522131
901,J80M,1.3455473430034501,103.700969493023
902,J81M,1.3495914590692801,103.700177324868
903,J82M,1.3458500076506799,103.69245010013901
904,J83M,1.3502206530155598,103.695064442331
905,J84M,1.34772468307253,103.696478557493
906,J85M,1.34997718954676,103.696234875051
907,J86M,1.3499622723359201,103.699090105732
908,J88M,1.34167926764919,103.707206189343
909,J89M,1.34237534507963,103.705900791485
910,J9,1.34212243516899,103.74200092091999
911,J90,1.3415471370568701,103.747460100637
912,J91,1.33753721991719,103.744105051985
913,J92,1.33755776487708,103.746856391831
914,J93,1.33924104574268,103.745140168773
915,J94,1.33969226436242,103.74316611919501
916,J95,1.34010030055232,103.74708688360901
917,J96,1.34151856539452,103.744958316027
918,J97,1.3424013439260603,103.74594637866
919,J98M,1.3397788016971002,103.696856975802
920,J99M,1.33973330270424,103.69604297580901
921,KAB,1.28170692159683,103.84238785277901
922,KAM,1.2819551401341298,103.84329939417101
923,KAML,1.28233016234097,103.843257637828
924,KAS,1.28057210952426,103.842772927218
925,KBM,1.3202392875401798,103.86912462402
926,KB1,1.3235736038960801,103.868900292234
927,KB10,1.31890330396579,103.863592558818
928,KB11,1.32058268108783,103.863721995793
929,KB12,1.3191062001768301,103.861586647034
930,KB14,1.32055770503646,103.87006187688
931,KB17,1.31766412026225,103.86291017151501
932,KB18,1.32270330074355,103.86573351416901
933,KB20,1.323749477342,103.866442594153
934,KB3,1.32082803463467,103.86965512421499
935,KB4,1.32312996053951,103.870683017022
936,KB6,1.32021280868411,103.87403049569001
937,KB7,1.3215857812299299,103.87047836388099
938,KEM1,1.30891669220001,103.852514261709
939,KE1,1.32975277962478,103.908906090884
940,KE2,1.33252872343727,103.91055534078001
941,KE3,1.33390932287428,103.911959574832
942,KE3M,1.3340211415398402,103.911410062649
943,KE4,1.3336670998148799,103.91324610644001
944,KJML,1.31222088220004,103.851606439352
945,KJM1,1.3160936666077399,103.848795898853
946,KJM2,1.3116793444533799,103.852047211502
947,KJ1,1.31363383389436,103.85204121653099
948,KJ2,1.3132506545207199,103.850679945965
949,KJ3,1.31442661586661,103.84993059474002
950,KJ4,1.31658690794699,103.85147018518101
951,KLM,1.30626700087917,103.856800819285
952,KM1,1.31011214101288,103.883946141596
953,KM2,1.30877082004129,103.88773705618
954,KM3,1.3085039778619199,103.882946450786
955,KM4,1.3084925526017501,103.885362808782
956,KTM,1.2830693826703201,103.8286510202
957,KTM2,1.2834464796053,103.827476166039
958,KTM3,1.28063943549265,103.828648028888
959,KTM4,1.28148144614253,103.827297312821
960,KTM5,1.2825290974366799,103.829461390033
961,KTM6,1.2818564521671398,103.829243442409
962,KU1,1.32949535487453,103.903083810763
963,KU2,1.3276735499716699,103.90434517614099
964,KU3,1.32642143793341,103.902451558761
965,KU4,1.32555472197347,103.900051359044
966,KU5,1.33044435869103,103.893360109314
967,KU9,1.3299081271871398,103.901089804676
968,K10,1.30941536478301,103.88441645100201
969,K19,1.3078622926222199,103.88930362341999
970,K2,1.3087364754979398,103.882351306726
971,K2T,1.30753801339003,103.883543632437
972,K21,1.30706551991007,103.88860100484699
973,K22,1.3075471341351101,103.888377080325
974,K28,1.3093829172243001,103.8870334048
975,K3T,1.30758018661979,103.88385694864999
976,K52,1.310554773887,103.88448333236799
977,K7,1.30889451887233,103.886016910437
978,K9,1.31054839815929,103.886254956959
979,LBM,1.2893340477316102,103.815220331383
980,LT1,1.3230365361177,103.91157559149799
981,LT2,1.3239081741740901,103.91087369459801
982,LT3,1.32503593050984,103.910492607442
983,L1,1.3495058318348203,103.87535455642099
984,MLM,1.29336500541006,103.803454521064
985,MLM1,1.29203196997694,103.80353016873
986,MM1,1.33045510029061,103.887063625057
987,MM2,1.32433968750611,103.88609424966499
988,MM3,1.3262662777141798,103.88801858424999
989,MM4,1.32932965670418,103.88548655203199
990,MM5,1.32979172825255,103.888575003116
991,MM6,1.3243040479764,103.89009617246201
992,MNM,1.32104215479573,103.859835382153
993,MNRM,1.32054021507341,103.859430532329
994,MN1,1.32202947349749,103.85920022992399
995,MN2,1.3180496887521298,103.856368420374
996,MP1,1.30481835995201,103.917522173252
997,MP1M,1.3028981058096298,103.909960338966
998,MP12,1.3031817008125401,103.907649874732
999,MP13,1.30168637315658,103.908850932887
1000,MP14,1.30254517580666,103.90695068730801
1001,MP15,1.30268247218683,103.90597861451599
1002,MP16,1.3019805808843201,103.906657805469
1003,MP17,1.30612776691317,103.914895457046
1004,MP19,1.3012859111118,103.906400214862
1005,MP2,1.30422461438827,103.91665765027001
1006,MP2M,1.30363652103643,103.912879569256
1007,MP20,1.30132685974996,103.906184842052
1008,MP3M,1.30435729553073,103.915340815368
1009,MP4M,1.3039966136773702,103.914197193366
1010,MP5,1.30610964689025,103.916165196659
1011,MP5M,1.3054480243950701,103.912478366917
1012,MP5S,1.3046720374995602,103.91256924764099
1013,MP6,1.3054965796249198,103.916381424269
1014,MP6M,1.30229827375577,103.90828624159
1015,MP6S,1.30210300644767,103.90833813488199
1016,MP7,1.30558127833997,103.91468879090598
1017,MR3,1.30769352581998,103.85909249027
1018,MR4,1.3079140431771599,103.85997310433201
1019,MR5,1.30815550327494,103.86079175042101
1020,MR6,1.3071674063051,103.860536501889
1021,MR7,1.3075628847261698,103.86039217693899
1022,M1,1.32307478116112,103.886436388264
1023,M16,1.32843116708984,103.886672299336
1024,M20,1.32759045265267,103.887265561789
1025,M25,1.3242254443101498,103.888177711009
1026,M28,1.33112556640427,103.885157492786
1027,M29,1.3273923754858101,103.882055378556
1028,M3,1.33068085622753,103.88570742110399
1029,M32,1.32231287123776,103.88279296947901
1030,M33,1.32324579235415,103.882172671008
1031,M34,1.3325079573001102,103.885640417485
1032,M35,1.32728185226066,103.88591503597401
1033,M36,1.32670351840055,103.885455996464
1034,M37,1.3276774087929701,103.88560507357
1035,M38,1.32715304864823,103.887476664953
1036,M4,1.3290227940583998,103.88765970175501
1037,NBRM,1.30400361667908,103.863010439959
1038,NT1,1.3611959653243402,103.93627591213499
1039,NT2,1.3621198286235499,103.936326322243
1040,PDC4,1.37788771524339,103.738746077505
1041,PDC5,1.3915752693009902,103.743370206175
1042,PDJ3,1.33471539136349,103.720415077008
1043,PDJ7,1.3489615906402501,103.697910064481
1044,PDL1,1.3941460662993002,103.91295050922301
1045,PDP4,1.3837675231487199,103.771371239613
1046,PDP5,1.3854386128601102,103.76616897794399
1047,PDQ5,1.2926793297693602,103.810982424243
1048,PDR2,1.36692597781725,103.96455015442601
1049,PDR6,1.3779111716188202,103.941739436251
1050,PDR7,1.3797395060387,103.936236121637
1051,PDS1,1.38546999828579,103.901833858028
1052,PDT8,1.3553703676578701,103.934510779836
1053,PDW5,1.4307681685236897,103.794146102224
1054,PDW7,1.4454622849389198,103.79806059149999
1055,PDW8,1.43813638207277,103.79515144765399
1056,PD8W,1.44311644003495,103.791046306814
1057,PLB1,1.3690846037201398,103.95886128429399
1058,PL10,1.3966475919363999,103.910306193958
1059,PL11,1.39811441283673,103.908650550161
1060,PL12,1.3923706667284799,103.90940612733499
1061,PL13,1.39358865548908,103.91038940445101
1062,PL14,1.40239687754578,103.905049450072
1063,PL15,1.39486251887647,103.912584952759
1064,PL16,1.3986088574081799,103.909368325891
1065,PL17,1.39871729077093,103.916388873979
1066,PL18,1.39609284747614,103.914316515023
1067,PL19,1.3996847723542198,103.91010391091999
1068,PL20,1.3995558665879597,103.915195893025
1069,PL21,1.3949707847951498,103.915465751868
1070,PL22,1.39773989829187,103.915911247993
1071,PL23,1.3997668965998602,103.90368863010599
1072,PL24,1.3995519599596997,103.908336043303
1073,PL25,1.3955198255395502,103.91177770471
1074,PL26,1.397283842157,103.915303231434
1075,PL27,1.3984631405322798,103.903072855177
1076,PL28,1.40200920367078,103.906516042332
1077,PL29,1.4005388470136597,103.91326596736602
1078,PL30,1.3943539447375102,103.914093841679
1079,PL31,1.4036785832909098,103.90619802299
1080,PL32,1.40484725001724,103.904606666241
1081,PL33,1.40125538700892,103.90989066576
1082,PL34,1.40386228061003,103.907982473241
1083,PL35,1.4031193293259498,103.907293506747
1084,PL36,1.4060197574757503,103.906223056365
1085,PL37,1.4032349137543898,103.909657140047
1086,PL38,1.4045992306191102,103.908633937631
1087,PL39,1.4040002035818002,103.897952803458
1088,PL40,1.4037210635186201,103.899150331378
1089,PL41,1.40265108832267,103.90194268043501
1090,PL42,1.40212642399456,103.91169725663099
1091,PL43,1.40171439855035,103.90309583273701
1092,PL44,1.3988565566526299,103.90132875322399
1093,PL45,1.39362938020769,103.91450023771401
1094,PL46,1.4002594317477899,103.91162984145201
1095,PL47,1.40062697761417,103.900916328431
1096,PL48,1.4030051179068,103.900383766483
1097,PL49,1.3993185362463603,103.900391802806
1098,PL50,1.40141928943889,103.89943821756701
1099,PL51,1.4000104347776499,103.898676071658
1100,PL52,1.41019511808862,103.901460526848
1101,PL53,1.40527653264689,103.898210924182
1102,PL54,1.40450622624479,103.895344321078
1103,PL55,1.4054048056345299,103.896841568666
1104,PL56,1.4070699794626298,103.911729861973
1105,PL57,1.4019208645334198,103.91468720451999
1106,PL58,1.39991483946419,103.91679073265199
1107,PL59,1.40810932165348,103.898760672691
1108,PL60,1.4058229986447501,103.91325810351499
1109,PL61,1.40611490251331,103.908889866747
1110,PL62,1.40553392641685,103.895528431952
1111,PL63,1.40573987308182,103.909579655618
1112,PL64,1.40529284169846,103.910214174562
1113,PL65,1.4097624479246202,103.899722789586
1114,PL66,1.39358329221585,103.90836953101999
1115,PL67,1.40847387016727,103.89751341808001
1116,PL68,1.40284977714673,103.89563899985001
1117,PL69,1.4025347595532802,103.91761458579201
1118,PL70,1.40307809408051,103.893283963437
1119,PL71,1.4040260868198702,103.915798744515
1120,PL72,1.4011009423466598,103.89427875624
1121,PL74,1.40126026475489,103.891602982593
1122,PL75,1.4134499069115298,103.898751428957
1123,PL76,1.41330079624343,103.899328254236
1124,PL77,1.40101231097549,103.919552044759
1125,PL78,1.41122004586166,103.897504916284
1126,PM1,1.3742828524055999,103.956604424875
1127,PM10,1.36674642147396,103.962473964563
1128,PM11,1.3647932754079,103.963457018404
1129,PM12,1.36490549297883,103.96502890331399
1130,PM13,1.3664735547775302,103.959597741675
1131,PM14,1.3647084328267198,103.960105397908
1132,PM15,1.36416013372386,103.96167711032801
1133,PM16,1.36235873304778,103.96272060688601
1134,PM17,1.36279285249953,103.959700669125
1135,PM18,1.3647565501015402,103.956879827691
1136,PM19,1.36795677755504,103.95702273852501
1137,PM2,1.37007306561966,103.961012850461
1138,PM20,1.36804163341359,103.94745603169599
1139,PM21,1.37119698231594,103.949415425402
1140,PM22,1.36856243123649,103.95221374215599
1141,PM23,1.3686817553022501,103.949503747712
1142,PM24,1.3671851799114298,103.95131531899099
1143,PM25,1.3763901312097702,103.945608889804
1144,PM26,1.37386757289494,103.94399274023199
1145,PM27,1.37396018889779,103.946595969692
1146,PM28,1.37470010927146,103.947766006105
1147,PM29,1.3773336408343,103.94337373293399
1148,PM3,1.37180034981674,103.960933001682
1149,PM30,1.3757453839953402,103.94217718688299
1150,PM32,1.37930677359829,103.940098724303
1151,PM33,1.37708092374818,103.939876700486
1152,PM34,1.37800060508488,103.938711970245
1153,PM35,1.3807695117170802,103.938641390536
1154,PM36,1.3824165586451798,103.937070549788
1155,PM37,1.3819247877443899,103.936019520133
1156,PM38,1.3789475812238101,103.937242541609
1157,PM4,1.3741059191478602,103.961442713585
1158,PM40,1.37794761326017,103.93538366563
1159,PM41,1.37873742012472,103.934124396035
1160,PM43,1.37717707661931,103.93314699352501
1161,PM44,1.37596561826745,103.93329952864
1162,PM45,1.37460195488744,103.935904893913
1163,PM46,1.37322458688351,103.938386988729
1164,PM5,1.3737703530713898,103.96260801282301
1165,PM6,1.37080219607977,103.96339473251999
1166,PM7,1.3675576381719898,103.963249921591
1167,PM8,1.37163599021465,103.960255942047
1168,PM9,1.36829196705909,103.961216061629
1169,PP1,1.33400490206807,103.869213959655
1170,PP2,1.3326801447688799,103.86605451410999
1171,PP3,1.3336019833981598,103.865844528141
1172,PP4,1.33473291183773,103.866119237347
1173,PP5,1.33631310151853,103.86322285844999
1174,PP6,1.33228373597578,103.867614650814
1175,PP9T,1.33219467825718,103.86606008684099
1176,PRM,1.2854503678206202,103.842270008062
1177,PRM1,1.3696196338881998,103.95783518955099
1178,PRS1,1.36801715637777,103.960326337703
1179,PR1,1.36733183955971,103.957999802334
1180,PR10,1.37373895609407,103.95718283418002
1181,PR11,1.37445761966103,103.95939030529699
1182,PR12,1.36871369042144,103.95268297102699
1183,PR13,1.3694763858176802,103.94961882876999
1184,PR14,1.36668608880898,103.951492698769
1185,PR2,1.36727480254758,103.955442789512
1186,PR3,1.3710634228755598,103.950715630263
1187,PR4,1.3729346460751701,103.95452048873399
1188,PR5,1.3705082641933302,103.955117050351
1189,PR6,1.3693790590205,103.957594005062
1190,PR7,1.3710094121120602,103.957685082627
1191,PR8,1.37126784079512,103.959574417605
1192,PR9,1.37320530125912,103.95845575439002
1193,P1,1.3993255232639,103.907015994093
1194,P11,1.32120421442687,103.748355858004
1195,P12,1.32056739486121,103.748194096365
1196,P13,1.32069015976828,103.750407846118
1197,P14,1.31935361778841,103.749175401077
1198,P15,1.31983482254603,103.74814817657101
1199,P16,1.3198823805928201,103.747164805137
1200,P17,1.31882146748239,103.747383966704
1201,P2,1.4000968291791103,103.906015469762
1202,P3,1.3984568370825299,103.90577445865699
1203,P4,1.3972271617556997,103.905622898827
1204,P5,1.3968775547130001,103.907641896307
1205,P6,1.3953685695565599,103.90946234340299
1206,P7,1.3954279668974001,103.906470152887
1207,P8,1.39422844623806,103.91091390677099
1208,P9,1.39292391841249,103.912537458296
1209,Q14,1.2976307008778898,103.802168030972
1210,Q15,1.2983325731435,103.801754422444
1211,Q16,1.29693372572578,103.803716679746
1212,Q17,1.29620634646065,103.803824603279
1213,Q19,1.29470100660581,103.803258012943
1214,Q2A,1.2916476231174099,103.804386702034
1215,Q30,1.2958305456656498,103.808776570387
1216,Q4,1.2887137054923101,103.80390835380301
1217,Q41,1.29434523939599,103.80922355228701
1218,Q48,1.29535822956684,103.80351335771
1219,Q49,1.2952947342758798,103.802771970435
1220,Q5A,1.2911403172091698,103.80316783226499
1221,Q5S,1.2907792028323601,103.80214729898898
1222,Q51,1.29793262781623,103.799062479034
1223,Q52,1.2967856200643202,103.798911988395
1224,Q55,1.2986891819389,103.796426768629
1225,Q57,1.29985982258566,103.798604554642
1226,Q58,1.30008915614158,103.79765550841199
1227,Q59,1.3009337412541202,103.79758469119301
1228,Q65,1.30552382045633,103.798753854211
1229,Q65A,1.3070878550554499,103.80113832326799
1230,Q66,1.30670478972223,103.799497347263
1231,Q67,1.30717281236323,103.80054334003201
1232,Q68,1.30687742619609,103.79900467147301
1233,Q70,1.30734607061153,103.800549271792
1234,Q72,1.3064930061098001,103.800897017013
1235,Q73,1.30625330850682,103.800391665527
1236,Q75M,1.3083119292817,103.793698878344
1237,Q77M,1.3115932040321499,103.792015554458
1238,Q8,1.2942064143759098,103.799569339615
1239,Q80,1.3085364814091698,103.792701706885
1240,Q81,1.3075367428679,103.793164320357
1241,Q84,1.30678098777834,103.796673185293
1242,Q85,1.30823459104465,103.79204567038299
1243,Q86,1.2945634816894198,103.803871868573
1244,Q87,1.30887893710383,103.796238409487
1245,Q88,1.2929905606576102,103.80055965992099
1246,Q89,1.3062461348732,103.79504979530898
1247,Q92,1.2947981950673,103.808485022859
1248,Q93,1.29494013363994,103.808063969552
1249,Q94,1.30763780793456,103.80056110547301
1250,Q95,1.30671934714016,103.801268179719
1251,Q96,1.2953471669289198,103.80440525007499
1252,Q97,1.29919960206086,103.797385684371
1253,Q98,1.2973375726157699,103.79728490662399
1254,Q99,1.30529551739977,103.799094517959
1255,RCM,1.30721028000452,103.855352440457
1256,RC1,1.32854680983719,103.851553703748
1257,RC2,1.32768774675285,103.853070634171
1258,RC3,1.32828554367791,103.854564124589
1259,RHM,1.286463927483,103.818577605194
1260,RHM2,1.2870082444741202,103.816907324167
1261,RHM3,1.28791577695299,103.81727324817
1262,RHM4,1.287988772154,103.81581722173401
1263,RHS,1.28828861382552,103.815616395807
1264,SAM,1.2925635490008798,103.811877450687
1265,SAM2,1.2939665666451001,103.81100729722701
1266,SB1,1.4464802870120501,103.822057279141
1267,SB10,1.45249598745469,103.815392946051
1268,SB11,1.4517759781995,103.81666194814899
1269,SB12,1.4531650655885602,103.81906292608299
1270,SB13,1.45435238171231,103.816425489795
1271,SB14,1.45239731775752,103.817432277359
1272,SB15,1.44892718057524,103.816693626696
1273,SB16,1.44828242080203,103.817310367804
1274,SB17,1.45090811422822,103.823689954072
1275,SB18,1.44893112120316,103.81370144291
1276,SB19,1.45159164275342,103.821357666373
1277,SB2,1.44644833477035,103.820502733298
1278,SB20,1.45027173257182,103.822508018528
1279,SB21,1.45178128558997,103.814235639787
1280,SB22,1.4511675571821498,103.820288292334
1281,SB23,1.4500353806753998,103.81838924290301
1282,SB24,1.45232239636282,103.823549484905
1283,SB25,1.45019005935565,103.824786964921
1284,SB26,1.4564650180938101,103.815223952965
1285,SB27,1.4566224164763,103.817396471677
1286,SB28,1.4548633392563701,103.815638409525
1287,SB29,1.4530450934816497,103.82007344104099
1288,SB3,1.44493769850052,103.818740507204
1289,SB30,1.4554680859084999,103.813539776315
1290,SB31,1.4555266790492702,103.814523189211
1291,SB32,1.4502375339790299,103.826377213872
1292,SB33,1.4512138979419198,103.827432868251
1293,SB34,1.45464503350907,103.813521596665
1294,SB35,1.4457165694498102,103.83160177449498
1295,SB36,1.44743431569956,103.83398232748002
1296,SB37,1.44914982397145,103.832738663608
1297,SB38,1.4446430469011298,103.832692732894
1298,SB39,1.4477832787068898,103.83220530968399
1299,SB4,1.44407970744667,103.821273164723
1300,SB40,1.44607196944251,103.828703240724
1301,SB41,1.4461829830547899,103.81375259506201
1302,SB42,1.44435833298137,103.816246926059
1303,SB43,1.4450690449281103,103.829916151231
1304,SB5,1.44611984474071,103.81819700149299
1305,SB6,1.44534120088779,103.82255513390699
1306,SB7,1.44662868389146,103.815006607825
1307,SB8,1.44711197739973,103.817226347941
1308,SB9,1.44767043418107,103.815488360564
1309,SDM,1.31246021162246,103.874451408596
1310,SDM2,1.31613279500049,103.878455061033
1311,SD1,1.31657267803069,103.877083273246
1312,SD10,1.31168226172938,103.87407845046499
1313,SD11,1.31638569035146,103.879448766348
1314,SD2,1.31692245960171,103.878364864327
1315,SD3,1.31732996445847,103.87924761702801
1316,SD4,1.31657834758382,103.88024180819599
1317,SD5,1.31776892051572,103.879914883678
1318,SD9,1.3117614700214097,103.87349593503201
1319,SE1R,1.3714096366112398,103.869335505236
1320,SE11,1.3702260011119198,103.873419396167
1321,SE12,1.3578438574793201,103.873089062726
1322,SE13,1.3565716827002001,103.870330188763
1323,SE14,1.35455222366029,103.86998870808901
1324,SE15,1.35289492616618,103.86941007543501
1325,SE16,1.35261889005698,103.86771993211599
1326,SE17,1.35171444093982,103.86770944034201
1327,SE18,1.35019748286145,103.870464058918
1328,SE19,1.35474491340369,103.873691231019
1329,SE2,1.3700669160712298,103.870532117496
1330,SE20,1.3515775676309498,103.87209879674299
1331,SE21,1.3534361812042202,103.872016086453
1332,SE22,1.3541567315681002,103.872128827264
1333,SE23,1.3540499067911203,103.870838930197
1334,SE24,1.3527643970392298,103.871494192628
1335,SE25,1.34631024904111,103.87272339151899
1336,SE26,1.3489617111706103,103.87413981650299
1337,SE27,1.34839475316674,103.87624891045601
1338,SE28,1.3481957061532102,103.873623257212
1339,SE29,1.34990268710401,103.875799285299
1340,SE3,1.3692441818922299,103.87092233217399
1341,SE30,1.36786212957891,103.87445279978
1342,SE31,1.37151197087876,103.873671906954
1343,SE32,1.3722848009296498,103.872296737759
1344,SE33,1.37416173827728,103.872607828538
1345,SE34,1.37394108542823,103.874307227947
1346,SE35,1.3730991180086,103.876252960217
1347,SE37,1.37158755114196,103.874888967537
1348,SE38,1.37395324520749,103.87571527826701
1349,SE39,1.37350367177279,103.871702903251
1350,SE4,1.3687392940496201,103.87229611076799
1351,SE4K,1.36782923418008,103.87031414577801
1352,SE4S,1.3669872866961799,103.87327955200199
1353,SE40,1.37254095663696,103.870022956964
1354,SE41,1.3740476540994,103.870212040334
1355,SE42,1.3708797396159598,103.87510469851699
1356,SE43,1.37049462678183,103.875682405197
1357,SE50,1.35390134346339,103.868610370785
1358,SE51,1.3552098604736498,103.87238246840401
1359,SE52,1.3568895318365601,103.871633411701
1360,SE53,1.36937809471681,103.87505046717399
1361,SE54,1.3574991140500399,103.871172937875
1362,SE6,1.3658478968113703,103.871882592269
1363,SE7,1.36551021438752,103.87205646888901
1364,SE9,1.36841734207052,103.87445986390301
1365,SGLM,1.32269636245024,103.860244091252
1366,SGTM,1.32203468795268,103.862837103418
1367,SG1,1.32322803353976,103.86100632168501
1368,SG2,1.3241162395100101,103.862212060947
1369,SG3,1.3251470002256698,103.86217668603099
1370,SG4,1.32330785363861,103.86310359429199
1371,SH1,1.35074492617773,103.83829758916401
1372,SH2,1.35196526252372,103.836968803657
1373,SIM1,1.34316454230576,103.950453799399
1374,SIM2,1.3461064600262498,103.953919675225
1375,SIM3,1.3453701772727098,103.95816625977899
1376,SIM4,1.34359318291135,103.95354638404801
1377,SIM5,1.34252729033256,103.952280480738
1378,SIM6,1.34296645518745,103.95894372041201
1379,SI1,1.3411094378385902,103.951317856423
1380,SI10,1.34556997906984,103.95712322052799
1381,SI11,1.34517256975574,103.95926490626199
1382,SI12,1.34587026472634,103.958928410002
1383,SI13,1.34197935994877,103.95711141512399
1384,SI14,1.3452760431923798,103.95461834695499
1385,SI2,1.34401147109406,103.951915624375
1386,SI3,1.3445653569991898,103.952025987864
1387,SI4,1.34485660470359,103.952274930686
1388,SI5,1.3457454616524398,103.95396398882299
1389,SI6,1.3469018245740403,103.95562543072799
1390,SI7,1.3474296843081697,103.956292202956
1391,SI8,1.3472093067939999,103.957122100942
1392,SI9,1.3457753474928302,103.955439461755
1393,SK1,1.3884172597070301,103.904167469991
1394,SK1K,1.3846315451169198,103.89333202360599
1395,SK10,1.39026401752401,103.89823603716299
1396,SK11,1.3884031811248503,103.89946348353901
1397,SK12,1.38320147964749,103.900658039337
1398,SK13,1.38817411016374,103.900743593932
1399,SK14,1.38981503628706,103.90533732069599
1400,SK15,1.3936038427321598,103.899534180227
1401,SK16,1.38372970413515,103.90090376594999
1402,SK17,1.39282139077437,103.898706817481
1403,SK18,1.39467896998938,103.90455098519699
1404,SK19,1.3947732529580301,103.902428157001
1405,SK2,1.39028340682978,103.900114145418
1406,SK20,1.39410689532618,103.903914304261
1407,SK21,1.38280472051791,103.90315951059999
1408,SK22,1.3872244484762701,103.90521541155701
1409,SK23,1.38622337341968,103.906094682692
1410,SK24,1.3937143837711399,103.90675769276899
1411,SK25,1.3929209702849499,103.89795579644002
1412,SK26,1.3935143423581897,103.896558616183
1413,SK27,1.3851164520884198,103.903605711018
1414,SK28,1.3870087192667402,103.895900763477
1415,SK29,1.3880225732532299,103.89538993670799
1416,SK3,1.38604418076072,103.897425873932
1417,SK30,1.3937198420677,103.895841288906
1418,SK31,1.39320822353683,103.902565879637
1419,SK32,1.38765834596692,103.892164373489
1420,SK33,1.38833150225595,103.89239969864
1421,SK34,1.39668094964829,103.901970849034
1422,SK35,1.3951935711256298,103.899843568647
1423,SK36,1.38885342924562,103.89154112843599
1424,SK37,1.38744865068714,103.890608655618
1425,SK38,1.39477668017206,103.89468941910201
1426,SK39,1.3962257480750901,103.89804791102199
1427,SK4,1.3821330181549498,103.900062072932
1428,SK40,1.3904467559290798,103.888403398056
1429,SK41,1.3887279540538302,103.887776160463
1430,SK42,1.3878792046660102,103.88933309952299
1431,SK43,1.39646812414882,103.897181657057
1432,SK44,1.3894943709638998,103.886380303698
1433,SK45,1.3976005196183703,103.898738179559
1434,SK46,1.39219919573459,103.885111381814
1435,SK47,1.39035811938099,103.88518232392201
1436,SK48,1.39020406555698,103.89150780180599
1437,SK49,1.3905130202271299,103.890455762722
1438,SK5,1.3876784878398303,103.90274506989401
1439,SK50,1.39327484933276,103.892561232331
1440,SK51,1.39361251255771,103.891476056772
1441,SK52,1.39232884206229,103.889906512633
1442,SK53,1.3925584790931897,103.887374040903
1443,SK54,1.3920550439026398,103.908312680875
1444,SK55,1.38714443685951,103.907769441922
1445,SK58,1.3894447199134699,103.878212028333
1446,SK59,1.3954336679585901,103.895842197654
1447,SK6,1.3894673245196203,103.900937363796
1448,SK60,1.38775958325072,103.873259967456
1449,SK61,1.3881775375591001,103.874837065187
1450,SK62,1.3888827807769901,103.87671947913601
1451,SK63,1.38404661008889,103.89797731984501
1452,SK64,1.38439098689015,103.895742240925
1453,SK65,1.38364718364384,103.897005879401
1454,SK66,1.39166684156152,103.906938482567
1455,SK67,1.3819478982409499,103.89709576703599
1456,SK68,1.38306538726293,103.89424243103599
1457,SK69,1.39250622481522,103.87633404339
1458,SK7,1.3890692026661,103.89799118724501
1459,SK70,1.38429570318294,103.894742212238
1460,SK71,1.3820774690154298,103.89418824518299
1461,SK72,1.3851413505292698,103.89388818553101
1462,SK73,1.38611189717361,103.894244671663
1463,SK74,1.39216839066302,103.87759621476201
1464,SK75,1.3916101019293299,103.875110982126
1465,SK76,1.3853276738945401,103.900108552963
1466,SK77,1.3903156800516598,103.876532753858
1467,SK78,1.3916838991563503,103.87407028684
1468,SK79,1.38613475429302,103.90003979227899
1469,SK8,1.3898333736018202,103.90218814877599
1470,SK80,1.3939219929429298,103.87652601904699
1471,SK81,1.3920275267973798,103.873275757069
1472,SK82,1.39084249878375,103.909018784302
1473,SK83,1.39418940736509,103.873405117906
1474,SK84,1.3898977159081298,103.910047075956
1475,SK85,1.39424024897645,103.878137262843
1476,SK86,1.39438120083388,103.877159955364
1477,SK87,1.39315202180955,103.87312199679899
1478,SK88,1.39402110312423,103.874103934736
1479,SK89,1.39486967338794,103.88854798239001
1480,SK9,1.3908141653016202,103.905921755233
1481,SK90,1.39485243631415,103.89235786844601
1482,SK91,1.3854943914724198,103.891522007331
1483,SK92,1.38615841223772,103.89290117506
1484,SK93,1.3939370542563798,103.87538181892401
1485,SK94,1.39636523046338,103.88934469373001
1486,SK95,1.3979703351533201,103.889857180532
1487,SK96,1.39291336961714,103.878250935839
1488,SK97,1.3928604331140602,103.88624115849501
1489,SK98,1.3896489828157699,103.88008277711201
1490,SK99,1.3970913852933702,103.878555486436
1491,SLS,1.28167579933127,103.842977007337
1492,SL1,1.3117630913361598,103.923632107098
1493,SL2,1.31153662886822,103.923154183766
1494,SMM,1.2933224327438202,103.807582225673
1495,SM1,1.3579180845082501,103.839328195095
1496,SM2,1.3548627917904401,103.836340712064
1497,SM3,1.3547051407540802,103.83906659791599
1498,SM5,1.3587673953431099,103.838293856674
1499,SM6,1.3613799663428798,103.837923139231
1500,SM7,1.3589623768074701,103.839957650567
1501,SM8,1.35732752805403,103.83903345689501
1502,SM9,1.35549531170881,103.836842743833
1503,SPM,1.27392581672339,103.835631619211
1504,SPS,1.2750954612568501,103.83617308630501
1505,SRS,1.2755345052098799,103.830565348682
1506,SR1,1.30359099563372,103.85084575933901
1507,SR2,1.30316526637661,103.851039984324
1508,STAM,1.29285019100066,103.809939841282
1509,STM1,1.2902642774663702,103.80319271421499
1510,STM2,1.28982909955491,103.803702374662
1511,STM3,1.28982705125862,103.803326495987
1512,S100,1.39686834113125,103.88171503224501
1513,S101,1.39697227996449,103.879419666793
1514,S102,1.3892739738021398,103.907600114193
1515,S103,1.3963388421285399,103.895287224527
1516,S104,1.3902443442059198,103.89305178725401
1517,S105,1.3897226991117901,103.894457434832
1518,S106,1.3814023960148898,103.890079173018
1519,S107,1.39922951826324,103.889647323704
1520,S108,1.3980913289107701,103.896925074396
1521,S109,1.39157198683056,103.879898734907
1522,S110,1.3933026077126203,103.88662111892201
1523,S19L,1.45136605677181,103.820911396835
1524,S24L,1.45316111019205,103.823704713053
1525,S28L,1.45482008394059,103.816755042661
1526,S30L,1.39456170020888,103.89483022537901
1527,S39L,1.3739074487299299,103.871751915095
1528,S69A,1.39206869804454,103.876875874678
1529,TAM1,1.3551798764166998,103.945951876379
1530,TAM2,1.36029333438921,103.953155104096
1531,TBCM,1.27754477232218,103.821124298244
1532,TBC2,1.2757430581846299,103.820689635219
1533,TBC3,1.27904423968572,103.817578169242
1534,TBK,1.2773607628816999,103.810047150713
1535,TBM,1.2717912859952198,103.810668702176
1536,TBMT,1.27379625405021,103.806901321906
1537,TBM2,1.27530436512936,103.80922332015498
1538,TBM3,1.2733743359112901,103.808972846138
1539,TBM4,1.2772968603551,103.807767086756
1540,TBM5,1.27499850707926,103.811751539665
1541,TBM6,1.2733330014606499,103.811111374753
1542,TBM7,1.2762661203482801,103.810835773813
1543,TBM8,1.2772069380595,103.807280865049
1544,TBM9,1.27478411740776,103.807191413199
1545,TB1,1.27844365056695,103.818574053381
1546,TB10,1.27240638950472,103.823207387956
1547,TB11,1.27061262622737,103.823535472438
1548,TB14,1.28182521169611,103.807345338019
1549,TB17,1.27481485722614,103.81301980698
1550,TB18,1.2765122720178501,103.80981167434
1551,TB19,1.27466469119481,103.80871041296801
1552,TB2,1.2776056911548401,103.819343295807
1553,TB22,1.2739113685399,103.80758102621799
1554,TB23,1.28134216910423,103.81521890869699
1555,TB27,1.28192374153419,103.811716591586
1556,TB28,1.27202504015115,103.809112040994
1557,TB29,1.2731356172533101,103.806984271551
1558,TB3,1.27683918285987,103.819467668237
1559,TB4A,1.27763438546742,103.822440225255
1560,TB6,1.27395079722103,103.822151287781
1561,TB7,1.2734514848823,103.821399186795
1562,TB8,1.27264404756874,103.820754852551
1563,TB9,1.27328899776074,103.822233439256
1564,TE1,1.28131371505722,103.826454025893
1565,TE13,1.28322665997149,103.830574556754
1566,TE14,1.27698058237175,103.828854664875
1567,TE2,1.27998229678202,103.825079973477
1568,TE21,1.2829905284723702,103.831584387294
1569,TE22,1.28343065171822,103.832582825776
1570,TE23,1.28425906003482,103.83352601524099
1571,TE24,1.28434502330698,103.830109161508
1572,TE25,1.27737166409302,103.830787722964
1573,TE26,1.28528656839781,103.830852155733
1574,TE27,1.28366589460653,103.831550281879
1575,TE28,1.2826212098586,103.832644854849
1576,TE29,1.2820927498333101,103.831312048004
1577,TE3,1.2797413916490001,103.826141560834
1578,TE30,1.28288408519611,103.830196524691
1579,TE4,1.2783696397557098,103.82784357065
1580,TE9,1.28387680667098,103.832972373004
1581,TGML,1.32174968731496,103.739341480221
1582,TGM1,1.32117268171462,103.738914014314
1583,TGM2,1.32214501861335,103.738294454968
1584,TGM3,1.32326132845571,103.739328367393
1585,TGM4,1.3225222216469,103.737251753041
1586,TG1,1.3233129928646201,103.73763450939501
1587,TG2,1.3215633946999499,103.737621413525
1588,TG3,1.3206349930588002,103.73897739774
1589,TG6,1.3218251384145001,103.741092696946
1590,TG7,1.3201453629777,103.742291000055
1591,THM,1.2982031224521298,103.79789417922301
1592,TJ1K,1.3342106478373401,103.721524351551
1593,TJ18,1.3318481945093799,103.722462206873
1594,TJ27,1.32700853151024,103.72110078796601
1595,TJ28,1.33711975668127,103.720458878805
1596,TJ29,1.32814277923502,103.72230234257
1597,TJ30,1.3301014238029598,103.72223918558399
1598,TJ31,1.3385945699313202,103.722870167673
1599,TJ32,1.3400495011789701,103.72018296671999
1600,TJ33,1.33710941440671,103.72324981677099
1601,TJ34,1.3339499316941201,103.72450917418699
1602,TJ35,1.33290063873656,103.722484004596
1603,TJ36,1.3362078554823702,103.72452979382
1604,TJ37,1.33828253386359,103.722528311224
1605,TJ38,1.33231356853451,103.72177968691999
1606,TJ39,1.3279067611579398,103.723323877019
1607,TJ40,1.3303922793325802,103.72149803521
1608,TJ41,1.32681111972558,103.723397607675
1609,TJ42,1.32722546437042,103.722349356252
1610,TM10,1.35335364637941,103.960255096658
1611,TM11,1.35440037157986,103.95852452338801
1612,TM12,1.3557971933771797,103.957214672617
1613,TM13,1.35635709378831,103.95910066578101
1614,TM14,1.3490530316431102,103.930555271455
1615,TM15,1.35773062477325,103.95222370166901
1616,TM16,1.3557548071635,103.950231132901
1617,TM17,1.35124984060529,103.93800255053002
1618,TM18,1.3523979713180398,103.93803491918699
1619,TM19,1.3573426549157699,103.95934486358401
1620,TM20,1.3581427179881103,103.96102149209801
1621,TM21,1.3514133266988901,103.96047384946199
1622,TM22,1.35226448656079,103.962829488232
1623,TM23,1.3546614860304698,103.962181061755
1624,TM24,1.3554179483948303,103.96144236094
1625,TM25,1.35871474701473,103.958495138344
1626,TM26,1.35982667978697,103.959625223987
1627,TM27,1.36065300511494,103.959888479028
1628,TM28,1.36283373495197,103.956879678424
1629,TM29,1.36068538613667,103.95910880324699
1630,TM3,1.36126278250314,103.950564972012
1631,TM30,1.3568738297975098,103.936651408901
1632,TM31,1.3587518558468101,103.93665544861
1633,TM32,1.3595356023853897,103.93523070362801
1634,TM33,1.35636366733008,103.936071948324
1635,TM34,1.35721980974478,103.93343290207599
1636,TM35,1.3599148478753302,103.934139274531
1637,TM36,1.35716298585214,103.939073297793
1638,TM37,1.3561768438388702,103.938607238244
1639,TM4,1.36309522875171,103.952161488768
1640,TM40,1.33944272619115,103.943386252912
1641,TM41,1.34753010186292,103.94141848248199
1642,TM42,1.34893697541585,103.933507457646
1643,TM43,1.3533871776405701,103.952234710171
1644,TM44,1.3592000246240499,103.956316850271
1645,TM45,1.3553474172451698,103.933002997236
1646,TM46,1.3585465791926,103.938443769608
1647,TM47,1.35671243170124,103.94015046680201
1648,TM48,1.34707827410843,103.934141427589
1649,TM49,1.3639797760612602,103.95302368936701
1650,TM5,1.3631083373536899,103.954079243776
1651,TM50,1.35644833044521,103.931119643904
1652,TM51,1.3511829039113998,103.92875608502399
1653,TM52,1.36392122434221,103.955715835587
1654,TM53,1.35485310444734,103.93868902312
1655,TM6,1.35324781420576,103.956349382379
1656,TM7,1.3528089666562502,103.957625161004
1657,TM8,1.3515006916954602,103.95720428465201
1658,TM9,1.35334541157381,103.95909306588699
1659,TPB1,1.33606486320519,103.856597479377
1660,TPL,1.27690757487493,103.84300740411
1661,TPM,1.2754814002517199,103.842297402262
1662,TPMA,1.33650365978024,103.85113356861099
1663,TPMB,1.33303316789673,103.845225018665
1664,TPMC,1.3419358910635901,103.84616068448099
1665,TPMD,1.3302080747111102,103.844911207877
1666,TPME,1.3384461334209399,103.849846832078
1667,TPMF,1.33510316947184,103.845634356621
1668,TPMG,1.3382490386578798,103.844073149869
1669,TPMH,1.3320229196131699,103.857397865567
1670,TPMJ,1.33426620166979,103.84548050687799
1671,TPMK,1.33097690445774,103.858571835925
1672,TPML,1.33822587574374,103.858923212101
1673,TPMM,1.33901410303956,103.85800372941601
1674,TPMN,1.3348930156411,103.848578452229
1675,TPMP,1.3366841663997702,103.84480135435699
1676,TPMQ,1.3369784658428998,103.842853681281
1677,TPMR,1.3337473401876598,103.855673205432
1678,TPM2,1.3392702038654298,103.847087212616
1679,TPM3,1.33074900352219,103.84223393405
1680,TPM4,1.3357541574703302,103.84934606221
1681,TPM5,1.33581868535626,103.847339933455
1682,TPM6,1.33488965414717,103.85462343286801
1683,TPM7,1.3398497061338202,103.845921767372
1684,TPM8,1.33663525131957,103.859285987542
1685,TPM9,1.3370812821443898,103.85778898075
1686,TP1K,1.3371106222108402,103.844989916999
1687,TP10,1.33491613818982,103.853591563851
1688,TP12,1.33402734061323,103.85210696045999
1689,TP14,1.33588861085823,103.85240772188101
1690,TP15,1.33747939979042,103.850833549681
1691,TP16,1.33324574622349,103.848316153335
1692,TP17,1.33377302249117,103.848593279613
1693,TP18,1.33258932067388,103.850744468143
1694,TP2,1.33617963179044,103.84824149823
1695,TP20,1.33102241988452,103.84448757302602
1696,TP22,1.33420093678636,103.84404232076
1697,TP27,1.33754412799672,103.84526755743299
1698,TP3,1.33534120557582,103.85155022411502
1699,TP3A,1.33951820590742,103.854212580524
1700,TP30,1.3406058015196698,103.846332775075
1701,TP31,1.3411010791516003,103.84587103389
1702,TP32,1.3410803478942401,103.847449726872
1703,TP33,1.3425174131789601,103.847082295847
1704,TP34,1.3379881832413898,103.852433347005
1705,TP36,1.3362631051523601,103.85378859000099
1706,TP39,1.33291610075102,103.854246074194
1707,TP4A,1.3392711897254799,103.855528974619
1708,TP40,1.33168719448209,103.8567142389
1709,TP41,1.33196949486601,103.858243815438
1710,TP43,1.3348375584102,103.857244313264
1711,TP48,1.33757150556349,103.85668073960301
1712,TP49,1.33886960111805,103.855742678862
1713,TP50,1.33887843309577,103.854431021968
1714,TP52,1.34140865305921,103.85453923830799
1715,TP53,1.3424420657666298,103.85555243223699
1716,TP54,1.34143888748493,103.8564558559
1717,TP56,1.3367334844118601,103.860439372341
1718,TP57,1.33493442924947,103.86054496098
1719,TP59,1.33420478625039,103.860702829454
1720,TP60,1.34016498987793,103.85225868391
1721,TP61,1.33296942756151,103.84832067140499
1722,TP62,1.34141970217028,103.850461054489
1723,TP63,1.34176245418603,103.849032778716
1724,TP64,1.34233855856516,103.849613055487
1725,TP65,1.33565252312974,103.851055379874
1726,TP66,1.33527703622672,103.856387734252
1727,TP67,1.3327492745119398,103.857110915851
1728,TP68,1.33113570422525,103.859293715914
1729,TP7,1.3398039017977599,103.848765172594
1730,TP8,1.3393917414646102,103.84845103464701
1731,TP8A,1.33794965196423,103.84941455648199
1732,TRM,1.3003313037311002,103.883657821383
1733,TRS,1.30064941949435,103.88347010009001
1734,TR1,1.31973040251887,103.861109616449
1735,TWM1,1.3791544765788502,103.757533021941
1736,TWM2,1.3796366595380902,103.75657672438601
1737,TWM3,1.38038891574567,103.757316724977
1738,TWM4,1.3829207779958599,103.75394453368
1739,TW1,1.3776881486417698,103.755159171
1740,TW2,1.37874997515072,103.75447493964899
1741,TW3,1.38033006895066,103.754505021287
1742,TW4,1.3820725108563798,103.75309846721001
1743,TY1,1.33903677957212,103.77438705165001
1744,TY2,1.33847628119036,103.77365302105301
1745,TY3T,1.34011605000476,103.772391125221
1746,TY4,1.3384628901081799,103.771971186198
1747,T1,1.34757095762173,103.94694258680599
1748,T11,1.3508262061118301,103.94331698509701
1749,T12,1.3510860099421298,103.945764607036
1750,T13,1.3490239873523102,103.945738735296
1751,T15,1.35320756420394,103.95276157879299
1752,T16,1.3525500507189199,103.952312054475
1753,T17,1.35198364636497,103.953268714855
1754,T18,1.35313741716376,103.95394567636801
1755,T19,1.3545340856241201,103.953345884695
1756,T20,1.35621450944085,103.947360277878
1757,T24,1.35443532638861,103.947278978959
1758,T25,1.3526707593180298,103.947107974785
1759,T26,1.3522209278111599,103.94909820583901
1760,T27,1.3530053637216002,103.948191326775
1761,T28,1.35422923400605,103.94939840662902
1762,T29,1.3540288868380201,103.95096706281299
1763,T3,1.34664070217415,103.947442194305
1764,T30,1.3510639814359497,103.949415584102
1765,T31,1.3511235363506398,103.94797870694201
1766,T32,1.34894359580452,103.950446506544
1767,T33,1.3475161741738897,103.95232364471
1768,T34,1.34891162743918,103.952685791078
1769,T35,1.3488833306241501,103.954237674
1770,T37,1.3473580948340902,103.936864356333
1771,T38,1.3503210301814,103.94053617774999
1772,T39,1.3456852935378603,103.94048978184601
1773,T4,1.34542001811937,103.94981419991501
1774,T40,1.34025889071848,103.942308054998
1775,T41,1.3482322058800802,103.93531166289101
1776,T42,1.34928854180657,103.93272407564699
1777,T43,1.35115138241597,103.93433411754499
1778,T44,1.3507122252686101,103.935373329347
1779,T45,1.3530664094691598,103.935205836695
1780,T46,1.3524976218939702,103.93653032554701
1781,T47,1.3548701000058503,103.93689949367099
1782,T47A,1.3549084080766398,103.93511436165701
1783,T48,1.3538868383953702,103.932849992234
1784,T49,1.35199088043568,103.931430000358
1785,T49A,1.3514152142056999,103.933418410936
1786,T50,1.3507224444833001,103.93100089511299
1787,T51,1.34874857213939,103.93170156744101
1788,T54,1.3536055365743203,103.943724218391
1789,T55,1.3562947494678401,103.945251948639
1790,T56,1.35008592149963,103.93287637469
1791,T57,1.35074674066928,103.933069363256
1792,T58,1.3553423222406,103.93112476357
1793,T7,1.34546969683802,103.94580540367201
1794,T7A,1.34496193526982,103.945627249998
1795,T72,1.3580941783804599,103.945610152353
1796,T73,1.35808555961423,103.94692216628599
1797,T74,1.35941422020648,103.948213461328
1798,T75,1.3593290032272198,103.950454434316
1799,T76,1.36016774021234,103.95164211871
1800,T77,1.36167764999293,103.952774960656
1801,T78,1.3576773100495498,103.951211072332
1802,T79,1.35741276397952,103.95446944142701
1803,T8,1.34641423073224,103.94419007328699
1804,T80,1.3597987523788797,103.954572976966
1805,T81,1.3603298279116,103.957967543894
1806,T9,1.34781633164446,103.94364671149799
1807,UAM1,1.3344978087589299,103.879213581489
1808,UA2,1.33369095999958,103.87922883841401
1809,UA3,1.3346544348736102,103.88062786479
1810,UA4,1.33529208295604,103.878923213918
1811,UA5,1.3365133628413501,103.88118205349501
1812,UA6,1.33422423692974,103.87915637697901
1813,UBA4,1.33577245554552,103.896171945487
1814,UBKM,1.3148102349625501,103.87087587099501
1815,UBK2,1.3155971787693,103.871397464283
1816,UBK4,1.31528793831425,103.874088216801
1817,UBK5,1.31853579262266,103.873959398416
1818,UBM1,1.31264166397819,103.87262135331
1819,UBM2,1.31310841999604,103.87038903663999
1820,UCS,1.28666135091677,103.841855414093
1821,U1,1.34838970301781,103.746981501513
1822,U10,1.3458035421982801,103.743724236432
1823,U11,1.3474209171225602,103.743303206045
1824,U12,1.34696157183413,103.74947027262199
1825,U13,1.3478034470020699,103.75322229615699
1826,U14,1.3469896662522802,103.754934171417
1827,U15,1.34888370020953,103.755436272093
1828,U16,1.35043563668596,103.75506347479099
1829,U17,1.35009596559791,103.756805573197
1830,U18,1.3510894123958301,103.75873338670799
1831,U19,1.3485028571990099,103.75832244183901
1832,U2,1.3498724840033898,103.746309292549
1833,U20,1.3471319561138002,103.76049455516599
1834,U21,1.3573554142331299,103.748583617477
1835,U22,1.36076433250331,103.746514564849
1836,U23,1.36302119257396,103.74556533339
1837,U24,1.3639079799053702,103.747645348487
1838,U24T,1.36451633190909,103.74742882883801
1839,U25,1.3631052483305401,103.75000996550101
1840,U26,1.36051634143148,103.750131440781
1841,U27,1.35959308732366,103.751065062311
1842,U28,1.35787573992469,103.75056115304301
1843,U29,1.3585921987921101,103.749298577117
1844,U3,1.35139195654454,103.744351634786
1845,U30,1.35691437554883,103.75269515817699
1846,U31,1.35691340268137,103.751073604829
1847,U32,1.3541002341981299,103.752614041782
1848,U33,1.35497823925369,103.751306964305
1849,U34,1.3517336858231899,103.753703227508
1850,U36,1.3439131062188,103.751885145817
1851,U38,1.3467260929497098,103.744577082454
1852,U39,1.3497594316284698,103.75098884548099
1853,U4,1.35065356523015,103.74321996303699
1854,U40,1.34863240139712,103.75136830370501
1855,U41,1.34948459705518,103.75204834998101
1856,U41A,1.3501227441783101,103.74966938643
1857,U43,1.36508311373815,103.74593691879801
1858,U45,1.34691849203713,103.757898925672
1859,U46,1.3441682107567299,103.747626883417
1860,U48,1.3614343194045202,103.748770630438
1861,U49,1.34532791313829,103.75080848789301
1862,U5,1.3501372412828898,103.74467788179199
1863,U50,1.34734194533605,103.75565170531799
1864,U51,1.36484419185718,103.74648387196
1865,U52,1.34460769567205,103.74501700593001
1866,U53,1.3436012053234199,103.746726774632
1867,U54,1.3507782582674301,103.75525349002399
1868,U55,1.35083375878535,103.738245583703
1869,U56,1.3561462048594202,103.73733078865999
1870,U57,1.34600244204373,103.755351832415
1871,U58,1.3521986213490802,103.740484110693
1872,U59,1.34444329077446,103.755369502678
1873,U6,1.3480295181731001,103.74410352317301
1874,U60,1.3530392226587298,103.74400854476299
1875,U61,1.3556660117143,103.73928122312599
1876,U62,1.35162918067514,103.742066635604
1877,U63,1.35924922686676,103.749814751519
1878,U64,1.3545786731075902,103.739718231105
1879,U65,1.3573530852890399,103.740009965703
1880,U66,1.35870653087181,103.739571018688
1881,U68,1.3539566531598601,103.739768663472
1882,U7,1.3487076641120401,103.74209266176099
1883,U8,1.34716197857885,103.741894601901
1884,U9,1.3458455725240002,103.741192580594
1885,WCB,1.29880829368048,103.851937756299
1886,WCC,1.4349017374168997,103.786613834999
1887,WDB1,1.3207700328410201,103.853244212117
1888,W10,1.4393517930056599,103.77532018596399
1889,W100,1.4287044514208898,103.792240445282
1890,W101,1.44254432672344,103.80578572471501
1891,W102,1.4412048068517602,103.80661662993401
1892,W103,1.4457460247850298,103.79733590276899
1893,W104,1.4439746500165,103.80753859127701
1894,W105,1.44466730324452,103.808859302818
1895,W106,1.4429357583642501,103.808478523258
1896,W107,1.4298007532188701,103.789596954058
1897,W108,1.43158259367513,103.775303827882
1898,W109,1.4450222780478001,103.797336739079
1899,W11,1.4422667144042798,103.772711450215
1900,W11M,1.4427240737592801,103.77285658680599
1901,W12M,1.44464074999516,103.772203770859
1902,W13,1.4435372787951002,103.774807906983
1903,W14,1.4470522162929897,103.772974672318
1904,W16,1.44064244357724,103.781879358875
1905,W17,1.43668196786801,103.781647221767
1906,W18,1.43904250217394,103.780442950626
1907,W181,1.43965386998101,103.779296800784
1908,W182,1.43515865200672,103.7759983247
1909,W185,1.4362680690280403,103.776472755361
1910,W19,1.4375945522901399,103.777208333743
1911,W20,1.4350380305719799,103.774750282009
1912,W21,1.4346750027102,103.77803049237801
1913,W23,1.4322112517049501,103.78112571087
1914,W23T,1.43131837741842,103.78038564415199
1915,W24,1.43102403484068,103.779331138216
1916,W25,1.43031847265344,103.776194324814
1917,W26,1.4316843283020801,103.774286145774
1918,W27,1.43102519322858,103.773910613583
1919,W28,1.43011733042847,103.773857089794
1920,W29,1.43009453325602,103.77476656516599
1921,W3,1.4406484395018997,103.769578781159
1922,W30,1.43029019955138,103.774068324764
1923,W36,1.4413783621115401,103.78641906620301
1924,W37,1.44187532254671,103.79043222
1925,W39,1.4399002817927802,103.79122797617201
1926,W4,1.44245814875092,103.776746148654
1927,W4M,1.4415585331685599,103.775983512441
1928,W40,1.4415962808227598,103.79201590187
1929,W41,1.44001078864525,103.793321708618
1930,W43,1.4295038333628702,103.77206088192699
1931,W44,1.42798985503243,103.77226391845899
1932,W45,1.4279814043251597,103.775161840127
1933,W46,1.4266570986026101,103.773675537477
1934,W47,1.44935775659056,103.799413044853
1935,W48,1.44316789941201,103.789026046938
1936,W49,1.44290768135822,103.792028211478
1937,W5,1.4407540972608301,103.778194251994
1938,W5M,1.44163940382,103.778753449431
1939,W50,1.44292561849275,103.79369475477199
1940,W505,1.4321375604817501,103.79160459490299
1941,W509,1.43328519334465,103.789301982868
1942,W51,1.44228997502428,103.792635310824
1943,W516,1.4341673493432598,103.79077629023001
1944,W517,1.43414458310892,103.791519251394
1945,W519,1.4345708373489499,103.792345356016
1946,W52,1.4413983720664498,103.789486535974
1947,W521,1.4339380251133897,103.79361340104201
1948,W523,1.43292954810865,103.793903624806
1949,W525,1.43258526890827,103.792938081494
1950,W527,1.4319705924079902,103.79255620965701
1951,W53,1.4444941527407,103.79143331679899
1952,W536,1.43113915337607,103.791523601158
1953,W54,1.43941887883024,103.789075079434
1954,W546,1.4297478943267101,103.793409116052
1955,W549,1.4323004696113997,103.794934493561
1956,W55,1.4398048028708401,103.794529136172
1957,W554,1.4325405687426103,103.796221882812
1958,W56,1.4381599526095101,103.79146735457701
1959,W57,1.4367821347968799,103.789450846543
1960,W570,1.43090381012399,103.790031562115
1961,W574,1.43058908570535,103.798443591821
1962,W578,1.4313637939913701,103.796691751178
1963,W579,1.43104284628881,103.795534460419
1964,W58,1.43605016190738,103.792252439175
1965,W586,1.42917638316183,103.79470011164301
1966,W588,1.42821604929881,103.79469552060199
1967,W59,1.4363241513167098,103.79460976303001
1968,W6,1.44210247357219,103.777953963324
1969,W60,1.43510793014819,103.793072290068
1970,W61,1.43321670181888,103.783947164164
1971,W62,1.4328530276276699,103.78505273108601
1972,W63,1.4328527639490198,103.786412560914
1973,W64,1.4379842973747599,103.797100418159
1974,W65,1.44113662284591,103.795979448976
1975,W66,1.44109603937717,103.797997593406
1976,W67,1.44150221813373,103.79906542301599
1977,W676,1.4397622607819598,103.800732520636
1978,W68,1.4414225381608001,103.800522166794
1979,W69,1.4447277856226999,103.799803321204
1980,W691,1.4406453613698997,103.806252285789
1981,W693,1.4380924031427198,103.803700345505
1982,W694,1.43804226577696,103.80501825982
1983,W7,1.4431361242898704,103.77760829441699
1984,W70,1.44451122279255,103.796809140252
1985,W71,1.4431865217488,103.798988485898
1986,W717,1.44092849348229,103.798648382666
1987,W72,1.44262593578408,103.801916041393
1988,W73,1.4433108832613701,103.803769690309
1989,W74,1.4432155979701498,103.79635353028401
1990,W75,1.4433046016671598,103.795578991049
1991,W76,1.44491812645675,103.79510174281
1992,W77,1.4460606062352699,103.793898461441
1993,W78,1.44659302946083,103.79602620929899
1994,W780,1.4482351850031698,103.80110119715
1995,W782,1.44820517785038,103.80357168153299
1996,W783,1.44781884183436,103.804121132022
1997,W785,1.44706670015035,103.80499561677
1998,W79,1.44773111073719,103.798480758915
1999,W8M,1.44018256719372,103.776347628619
2000,W80,1.44816656447766,103.800342324831
2001,W81,1.44598033445771,103.80004089789699
2002,W82,1.44451438007695,103.801607108654
2003,W83,1.4361090180988798,103.797157639717
2004,W84,1.4348354207334097,103.79591598929501
2005,W85,1.43409757803552,103.79910136040002
2006,W86,1.43736183702301,103.80114955716299
2007,W87,1.43853971490302,103.80023093157101
2008,W88,1.43722094386654,103.79871604274
2009,W887,1.43757371475228,103.794703258874
2010,W889,1.43801245617434,103.793620569801
2011,W89,1.43584277989254,103.79855433158899
2012,W90,1.43410604252258,103.800114279597
2013,W91,1.43510594557269,103.801164504502
2014,W92,1.43626063141348,103.802055279631
2015,W93,1.4377828988764199,103.80259162468799
2016,W94,1.44025155735181,103.80134510711399
2017,W95,1.44417295541564,103.801780568992
2018,W96,1.4388910505284598,103.79791766664499
2019,W97,1.4394849525974802,103.799286580754
2020,W98,1.4395974217094099,103.803503297932
2021,W99,1.44076232029864,103.805530270409
2022,YHS,1.28650062476078,103.837886726562
2023,Y1,1.43084454255839,103.828035738585
2024,Y10,1.42384275765004,103.833282275399
2025,Y11,1.42577546121802,103.82995451109501
2026,Y12,1.4367967427386799,103.832471548396
2027,Y13,1.4312148956597799,103.837864919105
2028,Y14,1.43267363960231,103.83566122456399
2029,Y14A,1.4345387435451697,103.835531984219
2030,Y15,1.4346481536830198,103.83681432353201
2031,Y16,1.43306208670149,103.83943828884199
2032,Y16A,1.43375329994825,103.839145117853
2033,Y17,1.4350634439022498,103.841161068349
2034,Y18,1.43574736775592,103.839511882843
2035,Y19,1.4377603834864399,103.838157529312
2036,Y2,1.43216655428421,103.828058889625
2037,Y20,1.43626205593008,103.837855836139
2038,Y21,1.43690200401042,103.837155174273
2039,Y21A,1.4370634430291997,103.834620998969
2040,Y21M,1.4353598620997,103.834854009184
2041,Y22,1.44167580424393,103.83389994689001
2042,Y23,1.42159341623377,103.83207955944799
2043,Y24,1.41908889380755,103.833317578372
2044,Y25,1.4166940619202801,103.831008503457
2045,Y25M,1.41771289497017,103.832653046118
2046,Y26,1.4128628780397998,103.833837477283
2047,Y27,1.41420970932528,103.833623483534
2048,Y28,1.41562821855449,103.834008086438
2049,Y28M,1.41544528458703,103.834371468936
2050,Y29,1.4172032241911101,103.834535410866
2051,Y3,1.43471142219389,103.828886521341
2052,Y3M,1.43354468208133,103.827469816348
2053,Y30,1.4164581734515602,103.83523094996401
2054,Y30M,1.4165576023514599,103.83575142663
2055,Y31,1.41666436849626,103.836740850423
2056,Y32,1.41748547950358,103.838599330168
2057,Y33,1.4222297063338198,103.83610980649
2058,Y34,1.42081820042036,103.83617566424101
2059,Y34A,1.41926926937356,103.836065605851
2060,Y35,1.41969445917178,103.83847393613001
2061,Y36,1.4213038390576598,103.83798968420099
2062,Y37,1.4221116889226202,103.837178253471
2063,Y38,1.42258962035271,103.84011109694299
2064,Y39,1.42004998171817,103.84052674015601
2065,Y4,1.43475410276261,103.831540849932
2066,Y4T,1.43244723298035,103.83020908207399
2067,Y40,1.4148476967331498,103.83671818270099
2068,Y41,1.43013540670031,103.83993155851
2069,Y41M,1.4307503087333402,103.840884831441
2070,Y43,1.4288994741105199,103.84109893131
2071,Y45,1.42712844687981,103.843159134762
2072,Y45M,1.4275026251068401,103.842629836738
2073,Y46,1.4260852523341399,103.845763791925
2074,Y47,1.42910712911172,103.84555134125401
2075,Y48,1.42938786293558,103.847817778512
2076,Y48M,1.4283671256018302,103.84752949552299
2077,Y49,1.42606125653763,103.847815299145
2078,Y49L,1.4239686967948002,103.84726485601699
2079,Y49M,1.4243934487682801,103.847508623859
2080,Y5,1.4311145317303002,103.832107583229
2081,Y51,1.4215030521476697,103.84706547736499
2082,Y51M,1.4227431505685801,103.84556918695299
2083,Y52M,1.4203104377393299,103.84492031076
2084,Y53M,1.42292400010921,103.846016397529
2085,Y54M,1.4273118935008502,103.837035355376
2086,Y56,1.42544974907435,103.836762781742
2087,Y57,1.42399206314896,103.84644704407499
2088,Y58,1.4325392485155202,103.83238250558901
2089,Y59M,1.4222737473701799,103.849175929833
2090,Y6,1.4325230423520101,103.83419412821699
2091,Y60M,1.4211373154277,103.84811947881201
2092,Y61M,1.4200879465053702,103.84758824136499
2093,Y62M,1.43024891305376,103.844446905077
2094,Y63M,1.43164621281572,103.845025697925
2095,Y64M,1.43248813244445,103.845132530667
2096,Y65M,1.43266882113675,103.84202257132401
2097,Y66M,1.4337649976422098,103.842288258465
2098,Y67,1.43646279670293,103.84089555872299
2099,Y68L,1.41776113542077,103.843585300165
2100,Y68M,1.4183964969784901,103.844595914287
2101,Y69M,1.41601512569282,103.84408075944799
2102,Y7,1.42730181793245,103.827450543014
2103,Y70M,1.41485982057774,103.84035181050699
2104,Y71M,1.4165797598363998,103.84090800664801
2105,Y72M,1.4147863643355603,103.84124713848699
2106,Y73M,1.41913520963916,103.841562940801
2107,Y74M,1.4196277366097099,103.841690230404
2108,Y75M,1.42017640145601,103.84308354204501
2109,Y76M,1.42166390256383,103.841769569741
2110,Y77M,1.4284476998889,103.849943910186
2111,Y78M,1.4247440400013,103.85180458471399
2112,Y8,1.42944491906926,103.831278070403
2113,Y9,1.42783091351926,103.83401256587
